reg_number;law;method;status;subject;customer;customer_code;price_rub;published;updated;deadline;url
0322200015226001240;44-ФЗ;Запрос котировок в электронной форме;Работа комиссии;Поставка лекарственного препарата для медицинского применения ЦИПРОФЛОКСАЦИН;"КРАЕВОЕ ГОСУДАРСТВЕННОЕ БЮДЖЕТНОЕ УЧРЕЖДЕНИЕ ЗДРАВООХРАНЕНИЯ ""КРАЕВОЙ КЛИНИЧЕСКИЙ ЦЕНТР ОНКОЛОГИИ"" МИНИСТЕРСТВА ЗДРАВООХРАНЕНИЯ ХАБАРОВСКОГО КРАЯ";03222000152;32368.0;16.09.2026;23.09.2026;23.09.2026;/epz/order/notice/zk20/view/common-info.html?regNumber=0322200015226001240
0322200015226001238;44-ФЗ;Запрос котировок в электронной форме;Работа комиссии;Поставка электродов электрохирургических эндоскопических аргон-усиленных, одноразового использования;"КРАЕВОЕ ГОСУДАРСТВЕННОЕ БЮДЖЕТНОЕ УЧРЕЖДЕНИЕ ЗДРАВООХРАНЕНИЯ ""КРАЕВОЙ КЛИНИЧЕСКИЙ ЦЕНТР ОНКОЛОГИИ"" МИНИСТЕРСТВА ЗДРАВООХРАНЕНИЯ ХАБАРОВСКОГО КРАЯ";03222000152;402862.06;15.09.2026;23.09.2026;23.09.2026;/epz/order/notice/zk20/view/common-info.html?regNumber=0322200015226001238
0320300101426000350;44-ФЗ;Запрос котировок в электронной форме;Работа комиссии;Поставка изделий медицинского назначения для нужд краевого государственного автономного учреждения здравоохранения «Владивостокская клиническая больница № 2» на 2026 год;"КРАЕВОЕ ГОСУДАРСТВЕННОЕ АВТОНОМНОЕ УЧРЕЖДЕНИЕ ЗДРАВООХРАНЕНИЯ ""ВЛАДИВОСТОКСКАЯ КЛИНИЧЕСКАЯ БОЛЬНИЦА № 2""";03203001014;698160.0;07.09.2026;23.09.2026;23.09.2026;/epz/order/notice/zk20/view/common-info.html?regNumber=0320300101426000350
0320300101426000341;44-ФЗ;Запрос котировок в электронной форме;Работа комиссии;Поставка лекарственного(-ых) препарата(-ов) для медицинского применения (МНН – ЭНОКСАПАРИН НАТРИЯ) для нужд краевого государственного автономного учреждения «Владивостокская клиническая больница №2» на 2026-2027 г.;"КРАЕВОЕ ГОСУДАРСТВЕННОЕ АВТОНОМНОЕ УЧРЕЖДЕНИЕ ЗДРАВООХРАНЕНИЯ ""ВЛАДИВОСТОКСКАЯ КЛИНИЧЕСКАЯ БОЛЬНИЦА № 2""";03203001014;8292060.0;03.09.2026;23.09.2026;23.09.2026;/epz/order/notice/zk20/view/common-info.html?regNumber=0320300101426000341
0322200015226001236;44-ФЗ;Запрос котировок в электронной форме;Работа комиссии;Поставка электродов электрохирургических эндоскопических аргон-усиленных, одноразового использования;"КРАЕВОЕ ГОСУДАРСТВЕННОЕ БЮДЖЕТНОЕ УЧРЕЖДЕНИЕ ЗДРАВООХРАНЕНИЯ ""КРАЕВОЙ КЛИНИЧЕСКИЙ ЦЕНТР ОНКОЛОГИИ"" МИНИСТЕРСТВА ЗДРАВООХРАНЕНИЯ ХАБАРОВСКОГО КРАЯ";03222000152;497210.78;15.09.2026;23.09.2026;23.09.2026;/epz/order/notice/zk20/view/common-info.html?regNumber=0322200015226001236
0322200015226001233;44-ФЗ;Запрос котировок в электронной форме;Работа комиссии;Поставка реагентов к анализатору гематологическому автоматическому ABX MICROS ES 60;"КРАЕВОЕ ГОСУДАРСТВЕННОЕ БЮДЖЕТНОЕ УЧРЕЖДЕНИЕ ЗДРАВООХРАНЕНИЯ ""КРАЕВОЙ КЛИНИЧЕСКИЙ ЦЕНТР ОНКОЛОГИИ"" МИНИСТЕРСТВА ЗДРАВООХРАНЕНИЯ ХАБАРОВСКОГО КРАЯ";03222000152;468959.01;15.09.2026;23.09.2026;23.09.2026;/epz/order/notice/zk20/view/common-info.html?regNumber=0322200015226001233
0320300101426000343;44-ФЗ;Запрос котировок в электронной форме;Работа комиссии;Поставка изделий медицинского назначения для нужд краевого государственного автономного учреждения здравоохранения «Владивостокская клиническая больница № 2» на 2026-2027 год;"КРАЕВОЕ ГОСУДАРСТВЕННОЕ АВТОНОМНОЕ УЧРЕЖДЕНИЕ ЗДРАВООХРАНЕНИЯ ""ВЛАДИВОСТОКСКАЯ КЛИНИЧЕСКАЯ БОЛЬНИЦА № 2""";03203001014;2688240.0;03.09.2026;23.09.2026;23.09.2026;/epz/order/notice/zk20/view/common-info.html?regNumber=0320300101426000343
0161300000126000714;44-ФЗ;Запрос котировок в электронной форме;Работа комиссии;выполнение работ по подготовке проектной документации по объекту: Оборудование (дооборудование) административных зданий, социальных объектов и жилых домов приспособлениями, обеспечивающими беспрепятственный доступ к ним инвалидов;АДМИНИСТРАЦИЯ ГОРОДА ЮЖНО-САХАЛИНСКА;01613000001;658616.67;16.09.2026;23.09.2026;23.09.2026;/epz/order/notice/zk20/view/common-info.html?regNumber=0161300000126000714
0319200024026000048;44-ФЗ;Электронный аукцион;Работа комиссии;Поставка Гомогенизатора лабораторного;"КРАЕВОЕ ГОСУДАРСТВЕННОЕ КАЗЕННОЕ УЧРЕЖДЕНИЕ ""НОВОСЕЛОВСКИЙ ОТДЕЛ ВЕТЕРИНАРИИ""";03192000240;82448.33;15.09.2026;23.09.2026;23.09.2026;/epz/order/notice/ea20/view/common-info.html?regNumber=0319200024026000048
0319200024026000049;44-ФЗ;Электронный аукцион;Работа комиссии;Поставка весов напольных;"КРАЕВОЕ ГОСУДАРСТВЕННОЕ КАЗЕННОЕ УЧРЕЖДЕНИЕ ""НОВОСЕЛОВСКИЙ ОТДЕЛ ВЕТЕРИНАРИИ""";03192000240;45933.33;15.09.2026;23.09.2026;23.09.2026;/epz/order/notice/ea20/view/common-info.html?regNumber=0319200024026000049
0817200000326013860;44-ФЗ;Электронный аукцион;Работа комиссии;Оказание услуг по отлову (возврату) и содержанию животных без владельцев на территории муниципального округа Зональный район Алтайского края в 2026 году;"КРАЕВОЕ ГОСУДАРСТВЕННОЕ КАЗЕННОЕ УЧРЕЖДЕНИЕ ""ЦЕНТР ГОСУДАРСТВЕННЫХ ЗАКУПОК АЛТАЙСКОГО КРАЯ""";08172000003;140000.0;10.09.2026;23.09.2026;23.09.2026;/epz/order/notice/ea20/view/common-info.html?regNumber=0817200000326013860
0352200011426000018;44-ФЗ;Запрос котировок в электронной форме;Определение поставщика завершено;Поставка продуктов питания (масло сливочное) (Реестровый номер 2026.057991);"КАЗЕННОЕ УЧРЕЖДЕНИЕ ОМСКОЙ ОБЛАСТИ ДЛЯ ДЕТЕЙ - СИРОТ И ДЕТЕЙ, ОСТАВШИХСЯ БЕЗ ПОПЕЧЕНИЯ РОДИТЕЛЕЙ ""ДОМ ДЕТСТВА РАДУГА""";03522000114;76100.0;14.09.2026;22.09.2026;21.09.2026;/epz/order/notice/zk20/view/common-info.html?regNumber=0352200011426000018
1051500004726000072;44-ФЗ;Запрос котировок в электронной форме;Определение поставщика завершено;Оказание авиационных услуг по защите леса от пожаров с использованием авиации - для проведения заказчиком лесоавиационных работ, в том числе, патрулирования и тушения лесных пожаров на территории Новосибирской области по лесопатрульному маршруту № 2;"ГОСУДАРСТВЕННОЕ АВТОНОМНОЕ УЧРЕЖДЕНИЕ НОВОСИБИРСКОЙ ОБЛАСТИ ""НОВОСИБИРСКАЯ БАЗА АВИАЦИОННОЙ ОХРАНЫ ЛЕСОВ""";10515000047;2426314.0;14.09.2026;22.09.2026;21.09.2026;/epz/order/notice/zk20/view/common-info.html?regNumber=1051500004726000072
1051500004726000073;44-ФЗ;Запрос котировок в электронной форме;Определение поставщика завершено;Поставка огнетушителей;"ГОСУДАРСТВЕННОЕ АВТОНОМНОЕ УЧРЕЖДЕНИЕ НОВОСИБИРСКОЙ ОБЛАСТИ ""НОВОСИБИРСКАЯ БАЗА АВИАЦИОННОЙ ОХРАНЫ ЛЕСОВ""";10515000047;63400.0;14.09.2026;22.09.2026;21.09.2026;/epz/order/notice/zk20/view/common-info.html?regNumber=1051500004726000073
0325200000226000240;44-ФЗ;Запрос котировок в электронной форме;Определение поставщика завершено;Поставка лекарственных препаратов для медицинского применения 28;"ГОСУДАРСТВЕННОЕ БЮДЖЕТНОЕ УЧРЕЖДЕНИЕ ЗДРАВООХРАНЕНИЯ АСТРАХАНСКОЙ ОБЛАСТИ ""ОБЛАСТНАЯ ДЕТСКАЯ КЛИНИЧЕСКАЯ БОЛЬНИЦА ИМЕНИ Н.Н. СИЛИЩЕВОЙ""";03252000002;154910.0;15.09.2026;22.09.2026;22.09.2026;/epz/order/notice/zk20/view/common-info.html?regNumber=0325200000226000240
0375200050226000159;44-ФЗ;Закупка, осуществляемая в соответствии с частью 12 статьи 93 Закона № 44-ФЗ;Определение поставщика завершено;;"ГОСУДАРСТВЕННОЕ БЮДЖЕТНОЕ УЧРЕЖДЕНИЕ ЗДРАВООХРАНЕНИЯ РЕСПУБЛИКИ КРЫМ ""БЕЛОГОРСКАЯ ЦЕНТРАЛЬНАЯ РАЙОННАЯ БОЛЬНИЦА""";03752000502;90000.0;22.09.2026;22.09.2026;;/epz/order/notice/ezt20/view/common-info.html?regNumber=0375200050226000159
0873500001826009863;44-ФЗ;Электронный аукцион;Подача заявок;Аукцион в электронной форме на право заключения контракта на поставку лекарственных препаратов (Иммуноглобулин человека нормальный) для обеспечения граждан, имеющих право на получение государственной социальной помощи в городе Москве (УНЗ: Z270930 - повторная закупка);"ФИЛИАЛ № 1 ГКУ ""АЗ (КС) ДЗМ""";08735000018;1234125.0;22.09.2026;22.09.2026;30.09.2026;/epz/order/notice/ea20/view/common-info.html?regNumber=0873500001826009863
0341300048226000249;44-ФЗ;Электронный аукцион;Подача заявок;Поставка стеклоомывающей жидкости для ОГБУЗ Мантуровская ЦРБ;"ОБЛАСТНОЕ ГОСУДАРСТВЕННОЕ БЮДЖЕТНОЕ УЧРЕЖДЕНИЕ ЗДРАВООХРАНЕНИЯ ""МАНТУРОВСКАЯ ЦЕНТРАЛЬНАЯ РАЙОННАЯ БОЛЬНИЦА""";03413000482;2800.0;22.09.2026;22.09.2026;30.09.2026;/epz/order/notice/ea20/view/common-info.html?regNumber=0341300048226000249
0372200281526000008;44-ФЗ;Запрос котировок в электронной форме;Подача заявок;Поставка канцелярских товаров для нужд ГБДОУ детский сад № 16 Приморского района Санкт-Петербурга в 2026 году;ГОСУДАРСТВЕННОЕ БЮДЖЕТНОЕ ДОШКОЛЬНОЕ ОБРАЗОВАТЕЛЬНОЕ УЧРЕЖДЕНИЕ ДЕТСКИЙ САД № 16 ПРИМОРСКОГО РАЙОНА САНКТ-ПЕТЕРБУРГА;03722002815;76333.39;22.09.2026;22.09.2026;29.09.2026;/epz/order/notice/zk20/view/common-info.html?regNumber=0372200281526000008
0328100012226000036;44-ФЗ;Запрос котировок в электронной форме;Подача заявок;Услуга по проведению измерений сопротивления изоляции электропроводки;"ФЕДЕРАЛЬНОЕ КАЗЕННОЕ УЧРЕЖДЕНИЕ ""ИСПРАВИТЕЛЬНАЯ КОЛОНИЯ № 10 УПРАВЛЕНИЯ ФЕДЕРАЛЬНОЙ СЛУЖБЫ ИСПОЛНЕНИЯ НАКАЗАНИЙ ПО ВЛАДИМИРСКОЙ ОБЛАСТИ""";03281000122;55000.0;22.09.2026;22.09.2026;29.09.2026;/epz/order/notice/zk20/view/common-info.html?regNumber=0328100012226000036
0332200033926000063;44-ФЗ;Закупка, осуществляемая в соответствии с частью 12 статьи 93 Закона № 44-ФЗ;Подача заявок;;"ГОСУДАРСТВЕННОЕ БЮДЖЕТНОЕ УЧРЕЖДЕНИЕ ""НИЖЕГОРОДСКИЙ ОБЛАСТНОЙ РЕАБИЛИТАЦИОННЫЙ ЦЕНТР ДЛЯ ИНВАЛИДОВ""";03322000339;10500.0;22.09.2026;22.09.2026;;/epz/order/notice/ezt20/view/common-info.html?regNumber=0332200033926000063
0332200065926000299;44-ФЗ;Запрос котировок в электронной форме;Определение поставщика завершено;"Поставка устройства для запаивания пакетов для оснащения объекта: Поликлиника взрослая на 500 посещений в смену в г. Нижний Новгород (ГБУЗ НО ""Городская поликлиника № 30 Советского района г. Нижнего Новгорода"")";"ГОСУДАРСТВЕННОЕ КАЗЕННОЕ УЧРЕЖДЕНИЕ НИЖЕГОРОДСКОЙ ОБЛАСТИ ""НИЖЕГОРОДСТРОЙЗАКАЗЧИК""";03322000659;131049.33;14.09.2026;22.09.2026;21.09.2026;/epz/order/notice/zk20/view/common-info.html?regNumber=0332200065926000299
0369100040226000708;44-ФЗ;Электронный аукцион;Подача заявок;Закупка № 469(1)-2026 на поставку мебели для ФГБОУ ВО ЮУГМУ Минздрава России;"ФЕДЕРАЛЬНОЕ ГОСУДАРСТВЕННОЕ БЮДЖЕТНОЕ ОБРАЗОВАТЕЛЬНОЕ УЧРЕЖДЕНИЕ ВЫСШЕГО ОБРАЗОВАНИЯ ""ЮЖНО-УРАЛЬСКИЙ ГОСУДАРСТВЕННЫЙ МЕДИЦИНСКИЙ УНИВЕРСИТЕТ"" МИНИСТЕРСТВА ЗДРАВООХРАНЕНИЯ РОССИЙСКОЙ ФЕДЕРАЦИИ";03691000402;94001.61;22.09.2026;22.09.2026;30.09.2026;/epz/order/notice/ea20/view/common-info.html?regNumber=0369100040226000708
0328100009926000034;44-ФЗ;Электронный аукцион;Подача заявок;Оказание услуг по проведению предрейсовых/предсменных и послерейсовых/послесменных медицинских осмотров;"ФЕДЕРАЛЬНОЕ КАЗЕННОЕ УЧРЕЖДЕНИЕ ""ГЛАВНОЕ БЮРО МЕДИКО-СОЦИАЛЬНОЙ ЭКСПЕРТИЗЫ ПО ВЛАДИМИРСКОЙ ОБЛАСТИ"" МИНИСТЕРСТВА ТРУДА И СОЦИАЛЬНОЙ ЗАЩИТЫ РОССИЙСКОЙ ФЕДЕРАЦИИ";03281000099;76260.0;22.09.2026;22.09.2026;01.10.2026;/epz/order/notice/ea20/view/common-info.html?regNumber=0328100009926000034
0319300087426000093;44-ФЗ;Электронный аукцион;Работа комиссии;Поставка продуктов питания (Бакалея УИС) (Общая);"КРАЕВОЕ ГОСУДАРСТВЕННОЕ БЮДЖЕТНОЕ УЧРЕЖДЕНИЕ ЗДРАВООХРАНЕНИЯ ""УЖУРСКАЯ РАЙОННАЯ БОЛЬНИЦА""";03193000874;599208.54;14.09.2026;22.09.2026;23.09.2026;/epz/order/notice/ea20/view/common-info.html?regNumber=0319300087426000093
0371500001026000679;44-ФЗ;Электронный аукцион;Подача заявок;Выполнение работ по установке дверей в стационаре №1 на 3 этаже (помещение реанимации) по адресу: Ярославская область, г. Рыбинск, ул. Солнечная, д.57;"ГОСУДАРСТВЕННОЕ УЧРЕЖДЕНИЕ ЗДРАВООХРАНЕНИЯ ЯРОСЛАВСКОЙ ОБЛАСТИ ""РЫБИНСКАЯ БОЛЬНИЦА № 1""";03715000010;176345.46;22.09.2026;22.09.2026;30.09.2026;/epz/order/notice/ea20/view/common-info.html?regNumber=0371500001026000679
0312200009526000025;44-ФЗ;Закупка, осуществляемая в соответствии с частью 12 статьи 93 Закона № 44-ФЗ;Определение поставщика завершено;;"ГОСУДАРСТВЕННОЕ БЮДЖЕТНОЕ УЧРЕЖДЕНИЕ ЗДРАВООХРАНЕНИЯ РЕСПУБЛИКИ ТЫВА ""РЕСПУБЛИКАНСКИЙ НАРКОЛОГИЧЕСКИЙ ДИСПАНСЕР""";03122000095;64217.0;22.09.2026;22.09.2026;;/epz/order/notice/ezt20/view/common-info.html?regNumber=0312200009526000025
0372200128326000035;44-ФЗ;Электронный аукцион;Подача заявок;Выполнение работ по техническому обслуживанию узла учета тепловой энергии;ГОСУДАРСТВЕННОЕ БЮДЖЕТНОЕ ОБЩЕОБРАЗОВАТЕЛЬНОЕ УЧРЕЖДЕНИЕ СРЕДНЯЯ ОБЩЕОБРАЗОВАТЕЛЬНАЯ ШКОЛА № 619 КАЛИНИНСКОГО РАЙОНА САНКТ-ПЕТЕРБУРГА;03722001283;82800.0;22.09.2026;22.09.2026;30.09.2026;/epz/order/notice/ea20/view/common-info.html?regNumber=0372200128326000035
0333300035626000330;44-ФЗ;Запрос котировок в электронной форме;Определение поставщика завершено;Поставка лекарственного препарата для медицинского применения (МНН: АТОРВАСТАТИН, ДЕКСАМЕТАЗОН, ИНДАПАМИД, КО-ТРИМОКСАЗОЛ, ЛЕВОФЛОКСАЦИН, ПЕНТОКСИФИЛЛИН, ПИРИДОКСИН, ПРЕДНИЗОЛОН, УРСОДЕЗОКСИХОЛЕВАЯ КИСЛОТА);"ОБЛАСТНОЕ БЮДЖЕТНОЕ УЧРЕЖДЕНИЕ ЗДРАВООХРАНЕНИЯ ""ГОРОДСКАЯ КЛИНИЧЕСКАЯ БОЛЬНИЦА №3 Г.ИВАНОВА""";03333000356;526414.0;14.09.2026;22.09.2026;22.09.2026;/epz/order/notice/zk20/view/common-info.html?regNumber=0333300035626000330
0360300199926000244;44-ФЗ;Закупка, осуществляемая в соответствии с частью 12 статьи 93 Закона № 44-ФЗ;Определение поставщика завершено;;"ГОСУДАРСТВЕННОЕ УЧРЕЖДЕНИЕ ЗДРАВООХРАНЕНИЯ ""САРАТОВСКАЯ ГОРОДСКАЯ ДЕТСКАЯ КЛИНИЧЕСКАЯ БОЛЬНИЦА""";03603001999;12108.0;22.09.2026;22.09.2026;;/epz/order/notice/ezt20/view/common-info.html?regNumber=0360300199926000244
0345300104226000013;44-ФЗ;Закупка, осуществляемая в соответствии с частью 12 статьи 93 Закона № 44-ФЗ;Определение поставщика завершено;;"МУНИЦИПАЛЬНОЕ ОБЩЕОБРАЗОВАТЕЛЬНОЕ УЧРЕЖДЕНИЕ ""СРЕДНЯЯ ОБЩЕОБРАЗОВАТЕЛЬНАЯ ШКОЛА ""СВЕРДЛОВСКИЙ ЦЕНТР ОБРАЗОВАНИЯ""";03453001042;575409.9;22.09.2026;22.09.2026;;/epz/order/notice/ezt20/view/common-info.html?regNumber=0345300104226000013
0145300022026000011;44-ФЗ;Открытый конкурс в электронной форме;Определение поставщика завершено;Дооборудование спортивной площадки в районе Ленинградского пр. 164 и ул. Набережная р. Мойка в гп. Павлово Кировского района Ленинградской области;АДМИНИСТРАЦИЯ ПАВЛОВСКОГО ГОРОДСКОГО ПОСЕЛЕНИЯ КИРОВСКОГО МУНИЦИПАЛЬНОГО РАЙОНА ЛЕНИНГРАДСКОЙ ОБЛАСТИ;01453000220;4269187.5;04.09.2026;22.09.2026;21.09.2026;/epz/order/notice/ok20/view/common-info.html?regNumber=0145300022026000011
0373200055226000023;44-ФЗ;Закупка, осуществляемая в соответствии с частью 12 статьи 93 Закона № 44-ФЗ;Подача заявок;;"ГОСУДАРСТВЕННОЕ АВТОНОМНОЕ УЧРЕЖДЕНИЕ ЗДРАВООХРАНЕНИЯ ГОРОДА МОСКВЫ ""СТОМАТОЛОГИЧЕСКАЯ ПОЛИКЛИНИКА № 8 ДЕПАРТАМЕНТА ЗДРАВООХРАНЕНИЯ ГОРОДА МОСКВЫ""";03732000552;651000.0;22.09.2026;22.09.2026;;/epz/order/notice/ezt20/view/common-info.html?regNumber=0373200055226000023
0335100006826000046;44-ФЗ;Закупка, осуществляемая в соответствии с частью 12 статьи 93 Закона № 44-ФЗ;Работа комиссии;;"ФЕДЕРАЛЬНОЕ ГОСУДАРСТВЕННОЕ БЮДЖЕТНОЕ УЧРЕЖДЕНИЕ ДЕТСКИЙ ПУЛЬМОНОЛОГИЧЕСКИЙ САНАТОРИЙ ""ОТРАДНОЕ"" МИНИСТЕРСТВА ЗДРАВООХРАНЕНИЯ РОССИЙСКОЙ ФЕДЕРАЦИИ";03351000068;94972.2;22.09.2026;22.09.2026;;/epz/order/notice/ezt20/view/common-info.html?regNumber=0335100006826000046
0373500002826000009;44-ФЗ;Открытый конкурс в электронной форме;Подача заявок;Выполнение мероприятий по восстановлению зеленых насаждений г. Москвы (лот 24);"ГОСУДАРСТВЕННОЕ БЮДЖЕТНОЕ УЧРЕЖДЕНИЕ ГОРОДА МОСКВЫ ""МОСРЕМОНТ""";03735000028;28562065.44;22.09.2026;22.09.2026;09.10.2026;/epz/order/notice/ok20/view/common-info.html?regNumber=0373500002826000009
0136300019926000079;44-ФЗ;Запрос котировок в электронной форме;Подача заявок;Поставка нефтепродуктов (ДТ) для транспортных средств на 4 квартал 2026 года;АДМИНИСТРАЦИЯ ЛЕСНОГО МУНИЦИПАЛЬНОГО ОКРУГА ТВЕРСКОЙ ОБЛАСТИ;01363000199;221784.0;21.09.2026;22.09.2026;29.09.2026;/epz/order/notice/zk20/view/common-info.html?regNumber=0136300019926000079
0351600002626000144;44-ФЗ;Запрос котировок в электронной форме;Подача заявок;Поставка хозяйственных товаров;"МУНИЦИПАЛЬНОЕ БЮДЖЕТНОЕ УЧРЕЖДЕНИЕ ГОРОДА НОВОСИБИРСКА ""ГОРОДСКОЙ ЦЕНТР АКТИВНОГО ДОЛГОЛЕТИЯ, РЕАБИЛИТАЦИИ""";03516000026;98960.12;22.09.2026;22.09.2026;29.09.2026;/epz/order/notice/zk20/view/common-info.html?regNumber=0351600002626000144
0348200087526000083;44-ФЗ;Электронный аукцион;Подача заявок;Поставка системных блоков и мониторов для оснащения лабораторий информационного и BIM-моделирования для реализации образовательной программы 08.02.15 «Информационное моделирование в строительстве»;"ГОСУДАРСТВЕННОЕ БЮДЖЕТНОЕ ПРОФЕССИОНАЛЬНОЕ ОБРАЗОВАТЕЛЬНОЕ УЧРЕЖДЕНИЕ МОСКОВСКОЙ ОБЛАСТИ ""ЭЛЕКТРОСТАЛЬСКИЙ КОЛЛЕДЖ""";03482000875;10019653.2;16.09.2026;22.09.2026;29.09.2026;/epz/order/notice/ea20/view/common-info.html?regNumber=0348200087526000083
0360300199926000243;44-ФЗ;Закупка, осуществляемая в соответствии с частью 12 статьи 93 Закона № 44-ФЗ;Подача заявок;;"ГОСУДАРСТВЕННОЕ УЧРЕЖДЕНИЕ ЗДРАВООХРАНЕНИЯ ""САРАТОВСКАЯ ГОРОДСКАЯ ДЕТСКАЯ КЛИНИЧЕСКАЯ БОЛЬНИЦА""";03603001999;4912.0;22.09.2026;22.09.2026;;/epz/order/notice/ezt20/view/common-info.html?regNumber=0360300199926000243
0351300088326000012;44-ФЗ;Закупка, осуществляемая в соответствии с частью 12 статьи 93 Закона № 44-ФЗ;Определение поставщика завершено;;"МУНИЦИПАЛЬНОЕ БЮДЖЕТНОЕ ОБЩЕОБРАЗОВАТЕЛЬНОЕ УЧРЕЖДЕНИЕ ГОРОДА НОВОСИБИРСКА ""СРЕДНЯЯ ОБЩЕОБРАЗОВАТЕЛЬНАЯ ШКОЛА № 7""";03513000883;231000.0;22.09.2026;22.09.2026;;/epz/order/notice/ezt20/view/common-info.html?regNumber=0351300088326000012
0873500001826009862;44-ФЗ;Электронный аукцион;Подача заявок;Аукцион в электронной форме на право заключения контракта на поставку лекарственных препаратов (Топирамат) для обеспечения граждан, имеющих право на получение государственной социальной помощи в городе Москве (УНЗ: Z271020);"ФИЛИАЛ № 1 ГКУ ""АЗ (КС) ДЗМ""";08735000018;373455.6;22.09.2026;22.09.2026;30.09.2026;/epz/order/notice/ea20/view/common-info.html?regNumber=0873500001826009862
0362200044826000049;44-ФЗ;Запрос котировок в электронной форме;Подача заявок;Одежда и обувь для воспитанников;"ГОСУДАРСТВЕННОЕ КАЗЕННОЕ УЧРЕЖДЕНИЕ СОЦИАЛЬНОГО ОБСЛУЖИВАНИЯ СВЕРДЛОВСКОЙ ОБЛАСТИ ""СОЦИАЛЬНО-РЕАБИЛИТАЦИОННЫЙ ЦЕНТР ДЛЯ НЕСОВЕРШЕННОЛЕТНИХ ГОРОДА НИЖНЯЯ ТУРА""";03622000448;56107.14;22.09.2026;22.09.2026;29.09.2026;/epz/order/notice/zk20/view/common-info.html?regNumber=0362200044826000049
0136300019926000080;44-ФЗ;Запрос котировок в электронной форме;Подача заявок;Поставка нефтепродуктов (АИ-92, АИ-95, ДТ) для транспортных средств на 4 квартал 2026 года;АДМИНИСТРАЦИЯ ЛЕСНОГО МУНИЦИПАЛЬНОГО ОКРУГА ТВЕРСКОЙ ОБЛАСТИ;01363000199;1548455.0;21.09.2026;22.09.2026;29.09.2026;/epz/order/notice/zk20/view/common-info.html?regNumber=0136300019926000080
0360300019826000171;44-ФЗ;Запрос котировок в электронной форме;Подача заявок;Поставка ленты диаграммной;"ГОСУДАРСТВЕННОЕ УЧРЕЖДЕНИЕ ЗДРАВООХРАНЕНИЯ ""САРАТОВСКАЯ ГОРОДСКАЯ ПОЛИКЛИНИКА № 9""";03603000198;28204.4;22.09.2026;22.09.2026;29.09.2026;/epz/order/notice/zk20/view/common-info.html?regNumber=0360300019826000171
0188300003826000001;44-ФЗ;Электронный аукцион;Работа комиссии;Предоставление неисключительных прав на программное обеспечение;УПРАВЛЕНИЕ ФИНАНСОВ, ЭКОНОМИКИ И ИМУЩЕСТВЕННЫХ ОТНОШЕНИЙ АДМИНИСТРАЦИИ МУНИЦИПАЛЬНОГО ОКРУГА ЭГВЕКИНОТ;01883000038;828000.0;14.09.2026;22.09.2026;22.09.2026;/epz/order/notice/ea20/view/common-info.html?regNumber=0188300003826000001
0321500001526000317;44-ФЗ;Электронный аукцион;Подача заявок;"Поставка инертных материалов для нужд Буденновского филиала ГБУ СК ""Стававтодор""";"БУДЕННОВСКИЙ ФИЛИАЛ ГОСУДАРСТВЕННОГО БЮДЖЕТНОГО УЧРЕЖДЕНИЯ СТАВРОПОЛЬСКОГО КРАЯ ""СТАВАВТОДОР"" (БУДЕННОВСКИЙ ФИЛИАЛ ГБУ СК ""СТАВАВТОДОР"")";03215000015;2997981.88;22.09.2026;22.09.2026;30.09.2026;/epz/order/notice/ea20/view/common-info.html?regNumber=0321500001526000317
0334300032826000059;44-ФЗ;Закупка, осуществляемая в соответствии с частью 12 статьи 93 Закона № 44-ФЗ;Определение поставщика завершено;;"ОБЛАСТНОЕ ГОСУДАРСТВЕННОЕ БЮДЖЕТНОЕ УЧРЕЖДЕНИЕ ЗДРАВООХРАНЕНИЯ ""ИРКУТСКАЯ ГОРОДСКАЯ ПОЛИКЛИНИКА №15""";03343000328;11290.0;22.09.2026;22.09.2026;;/epz/order/notice/ezt20/view/common-info.html?regNumber=0334300032826000059
0332200003726000025;44-ФЗ;Запрос котировок в электронной форме;Подача заявок;Поставка термопота;"ГОСУДАРСТВЕННОЕ КАЗЕННОЕ УЧРЕЖДЕНИЕ ""НИЖЕГОРОДСКИЙ ОБЛАСТНОЙ ДОМ ВЕТЕРАНОВ""";03322000037;10250.0;22.09.2026;22.09.2026;29.09.2026;/epz/order/notice/zk20/view/common-info.html?regNumber=0332200003726000025
0373200138226000790;44-ФЗ;Электронный аукцион;Подача заявок;Поставка блоков управления аварийным освещением для нужд ГБУК г. Москвы «МКЗ «Зарядье»;"ГОСУДАРСТВЕННОЕ КАЗЕННОЕ УЧРЕЖДЕНИЕ ГОРОДА МОСКВЫ ""ТЕХНИЧЕСКИЙ ЦЕНТР ДЕПАРТАМЕНТА КУЛЬТУРЫ ГОРОДА МОСКВЫ""";03732001382;1141766.67;22.09.2026;22.09.2026;30.09.2026;/epz/order/notice/ea20/view/common-info.html?regNumber=0373200138226000790
0873500001826009861;44-ФЗ;Электронный аукцион;Подача заявок;Аукцион в электронной форме на право заключения контракта на поставку лекарственных препаратов (Такролимус) для обеспечения граждан, имеющих право на получение государственной социальной помощи в городе Москве (УНЗ: Z271017);"ФИЛИАЛ № 1 ГКУ ""АЗ (КС) ДЗМ""";08735000018;260675.1;22.09.2026;22.09.2026;30.09.2026;/epz/order/notice/ea20/view/common-info.html?regNumber=0873500001826009861
0318300174026000145;44-ФЗ;Закупка, осуществляемая в соответствии с частью 12 статьи 93 Закона № 44-ФЗ;Работа комиссии;;"ГОСУДАРСТВЕННОЕ БЮДЖЕТНОЕ УЧРЕЖДЕНИЕ ЗДРАВООХРАНЕНИЯ ""ГОРОДСКАЯ ПОЛИКЛИНИКА № 27 ГОРОДА КРАСНОДАРА"" МИНИСТЕРСТВА ЗДРАВООХРАНЕНИЯ КРАСНОДАРСКОГО КРАЯ";03183001740;31800.0;22.09.2026;22.09.2026;;/epz/order/notice/ezt20/view/common-info.html?regNumber=0318300174026000145
0357200021226000035;44-ФЗ;Закупка, осуществляемая в соответствии с частью 12 статьи 93 Закона № 44-ФЗ;Работа комиссии;;"ГОСУДАРСТВЕННОЕ БЮДЖЕТНОЕ УЧРЕЖДЕНИЕ ПСКОВСКОЙ ОБЛАСТИ ""ЦЕНТР ИНФОРМАЦИОННЫХ СИСТЕМ ПСКОВСКОЙ ОБЛАСТИ""";03572000212;43000.0;22.09.2026;22.09.2026;;/epz/order/notice/ezt20/view/common-info.html?regNumber=0357200021226000035
0352200045826000105;44-ФЗ;Электронный аукцион;Подача заявок;Поставка товара хозяйственного назначения (бордюр, сетка) (Реестровый номер 2026.061221);"БЮДЖЕТНОЕ УЧРЕЖДЕНИЕ ОМСКОЙ ОБЛАСТИ ""УПРАВЛЕНИЕ ПО ОХРАНЕ ЖИВОТНОГО МИРА""";03522000458;17111.36;22.09.2026;22.09.2026;30.09.2026;/epz/order/notice/ea20/view/common-info.html?regNumber=0352200045826000105
0372200119926000104;44-ФЗ;Электронный аукцион;Подача заявок;Оказание услуг по ремонту принтеров и копировальной техники для СПб ГБУЗ «Городская поликлиника № 96»;"САНКТ-ПЕТЕРБУРГСКОЕ ГОСУДАРСТВЕННОЕ БЮДЖЕТНОЕ УЧРЕЖДЕНИЕ ЗДРАВООХРАНЕНИЯ ""ГОРОДСКАЯ ПОЛИКЛИНИКА № 96""";03722001199;500000.0;22.09.2026;22.09.2026;30.09.2026;/epz/order/notice/ea20/view/common-info.html?regNumber=0372200119926000104
0136300019926000081;44-ФЗ;Запрос котировок в электронной форме;Подача заявок;Поставка нефтепродуктов (АИ-92) для транспортных средств на 3 квартал 2026 года;АДМИНИСТРАЦИЯ ЛЕСНОГО МУНИЦИПАЛЬНОГО ОКРУГА ТВЕРСКОЙ ОБЛАСТИ;01363000199;164812.8;21.09.2026;22.09.2026;29.09.2026;/epz/order/notice/zk20/view/common-info.html?regNumber=0136300019926000081
0369200023326000146;44-ФЗ;Электронный аукцион;Подача заявок;Лекарственные препараты;"ГОСУДАРСТВЕННОЕ БЮДЖЕТНОЕ УЧРЕЖДЕНИЕ ЗДРАВООХРАНЕНИЯ ""ОБЛАСТНАЯ СПЕЦИАЛИЗИРОВАННАЯ ПСИХИАТРИЧЕСКАЯ БОЛЬНИЦА № 4""";03692000233;204310.0;22.09.2026;22.09.2026;30.09.2026;/epz/order/notice/ea20/view/common-info.html?regNumber=0369200023326000146
0372200062126000034;44-ФЗ;Электронный аукцион;Подача заявок;Поставка пылесоса моющего для нужд ГБДОУ детский сад № 17 комбинированного вида Фрунзенского района Санкт-Петербурга;ГОСУДАРСТВЕННОЕ БЮДЖЕТНОЕ ДОШКОЛЬНОЕ ОБРАЗОВАТЕЛЬНОЕ УЧРЕЖДЕНИЕ ДЕТСКИЙ САД №17 КОМБИНИРОВАННОГО ВИДА ФРУНЗЕНСКОГО РАЙОНА САНКТ-ПЕТЕРБУРГА;03722000621;904601.1;22.09.2026;22.09.2026;01.10.2026;/epz/order/notice/ea20/view/common-info.html?regNumber=0372200062126000034
0372200073826000012;44-ФЗ;Запрос котировок в электронной форме;Подача заявок;ПОСТАВКА ТРЕНАЖЕРА ДЛЯ ПРОФЕССИОНАЛЬНОГО ОБУЧЕНИЯ;ГОСУДАРСТВЕННОЕ БЮДЖЕТНОЕ ДОШКОЛЬНОЕ ОБРАЗОВАТЕЛЬНОЕ УЧРЕЖДЕНИЕ ДЕТСКИЙ САД № 81 КОМБИНИРОВАННОГО ВИДА ФРУНЗЕНСКОГО РАЙОНА САНКТ-ПЕТЕРБУРГА;03722000738;66966.67;22.09.2026;22.09.2026;29.09.2026;/epz/order/notice/zk20/view/common-info.html?regNumber=0372200073826000012
0357200017926000027;44-ФЗ;Электронный аукцион;Определение поставщика завершено;Фрукты на 4 квартал;"ГОСУДАРСТВЕННОЕ БЮДЖЕТНОЕ УЧРЕЖДЕНИЕ СОЦИАЛЬНОГО ОБСЛУЖИВАНИЯ ПСКОВСКОЙ ОБЛАСТИ ""ПАВСКИЙ ДОМ-ИНТЕРНАТ ДЛЯ ПРЕСТАРЕЛЫХ И ИНВАЛИДОВ""";03572000179;148260.0;14.09.2026;22.09.2026;22.09.2026;/epz/order/notice/ea20/view/common-info.html?regNumber=0357200017926000027
0356200024426000043;44-ФЗ;Закупка, осуществляемая в соответствии с частью 12 статьи 93 Закона № 44-ФЗ;Определение поставщика завершено;;"ГОСУДАРСТВЕННОЕ КАЗЕННОЕ УЧРЕЖДЕНИЕ ПЕРМСКОГО КРАЯ ""УПРАВЛЕНИЕ ГОСУДАРСТВЕННОЙ ПРОТИВОПОЖАРНОЙ СЛУЖБЫ ПЕРМСКОГО КРАЯ""";03562000244;76666.75;22.09.2026;22.09.2026;;/epz/order/notice/ezt20/view/common-info.html?regNumber=0356200024426000043
0301300023126000091;44-ФЗ;Закупка, осуществляемая в соответствии с частью 12 статьи 93 Закона № 44-ФЗ;Определение поставщика завершено;;ГОСУДАРСТВЕННОЕ БЮДЖЕТНОЕ УЧРЕЖДЕНИЕ ЗДРАВООХРАНЕНИЯ РЕСПУБЛИКИ БАШКОРТОСТАН АКЪЯРСКАЯ ЦЕНТРАЛЬНАЯ РАЙОННАЯ БОЛЬНИЦА;03013000231;60200.0;22.09.2026;22.09.2026;;/epz/order/notice/ezt20/view/common-info.html?regNumber=0301300023126000091
0373100028126000306;44-ФЗ;Закупка, осуществляемая в соответствии с частью 12 статьи 93 Закона № 44-ФЗ;Определение поставщика завершено;;"ФЕДЕРАЛЬНОЕ ГОСУДАРСТВЕННОЕ БЮДЖЕТНОЕ ОБРАЗОВАТЕЛЬНОЕ УЧРЕЖДЕНИЕ ВЫСШЕГО ОБРАЗОВАНИЯ ""НАЦИОНАЛЬНЫЙ ИССЛЕДОВАТЕЛЬСКИЙ УНИВЕРСИТЕТ ""МЭИ""";03731000281;486400.02;22.09.2026;22.09.2026;;/epz/order/notice/ezt20/view/common-info.html?regNumber=0373100028126000306
0332200068026000027;44-ФЗ;Закупка, осуществляемая в соответствии с частью 12 статьи 93 Закона № 44-ФЗ;Определение поставщика завершено;;"ГОСУДАРСТВЕННОЕ БЮДЖЕТНОЕ УЧРЕЖДЕНИЕ НИЖЕГОРОДСКОЙ ОБЛАСТИ ""ЭКОЛОГИЯ РЕГИОНА""";03322000680;2200000.0;22.09.2026;22.09.2026;;/epz/order/notice/ezt20/view/common-info.html?regNumber=0332200068026000027
0321500001526000316;44-ФЗ;Электронный аукцион;Подача заявок;"Поставка инертных материалов для нужд Буденновского филиала ГБУ СК ""Стававтодор""";"БУДЕННОВСКИЙ ФИЛИАЛ ГОСУДАРСТВЕННОГО БЮДЖЕТНОГО УЧРЕЖДЕНИЯ СТАВРОПОЛЬСКОГО КРАЯ ""СТАВАВТОДОР"" (БУДЕННОВСКИЙ ФИЛИАЛ ГБУ СК ""СТАВАВТОДОР"")";03215000015;2999745.0;22.09.2026;22.09.2026;30.09.2026;/epz/order/notice/ea20/view/common-info.html?regNumber=0321500001526000316
0136300019926000082;44-ФЗ;Запрос котировок в электронной форме;Подача заявок;Поставка нефтепродуктов (АИ-92, ДТ) на 4 квартал 2026 года;АДМИНИСТРАЦИЯ ЛЕСНОГО МУНИЦИПАЛЬНОГО ОКРУГА ТВЕРСКОЙ ОБЛАСТИ;01363000199;27070.3;21.09.2026;22.09.2026;29.09.2026;/epz/order/notice/zk20/view/common-info.html?regNumber=0136300019926000082
0345300134326000023;44-ФЗ;Электронный аукцион;Определение поставщика отменено;Поставка специальных материалов (масла, жидкости, смазки);"МУНИЦИПАЛЬНОЕ КАЗЕННОЕ УЧРЕЖДЕНИЕ ""АЛЬТЕРНАТИВА""";03453001343;25000.0;15.09.2026;22.09.2026;23.09.2026;/epz/order/notice/ea20/view/common-info.html?regNumber=0345300134326000023
0356200024426000042;44-ФЗ;Закупка, осуществляемая в соответствии с частью 12 статьи 93 Закона № 44-ФЗ;Определение поставщика завершено;;"ГОСУДАРСТВЕННОЕ КАЗЕННОЕ УЧРЕЖДЕНИЕ ПЕРМСКОГО КРАЯ ""УПРАВЛЕНИЕ ГОСУДАРСТВЕННОЙ ПРОТИВОПОЖАРНОЙ СЛУЖБЫ ПЕРМСКОГО КРАЯ""";03562000244;76666.75;22.09.2026;22.09.2026;;/epz/order/notice/ezt20/view/common-info.html?regNumber=0356200024426000042
0135500000526000002;44-ФЗ;Закупка, осуществляемая в соответствии с частью 12 статьи 93 Закона № 44-ФЗ;Определение поставщика завершено;;СЛУЖБА ПО ПРОТИВОДЕЙСТВИЮ КОРРУПЦИИ КАЛИНИНГРАДСКОЙ ОБЛАСТИ;01355000005;16423.33;22.09.2026;22.09.2026;;/epz/order/notice/ezt20/view/common-info.html?regNumber=0135500000526000002
0345500001226000097;44-ФЗ;Электронный аукцион;Подача заявок;Оказание услуг по организации питания всех клиентских групп Всероссийского форума «Приоритеты безопасности» в рамках деятельности Круглогодичного молодежного центра «Безопасность и профилактика» в 2026 году;"ГОСУДАРСТВЕННОЕ БЮДЖЕТНОЕ УЧРЕЖДЕНИЕ ЛЕНИНГРАДСКОЙ ОБЛАСТИ ""ЦЕНТР ПАТРИОТИЧЕСКОГО ВОСПИТАНИЯ""";03455000012;1864000.0;15.09.2026;22.09.2026;28.09.2026;/epz/order/notice/ea20/view/common-info.html?regNumber=0345500001226000097
0303300006526000017;44-ФЗ;Электронный аукцион;Подача заявок;Работы по ямочному ремонту дорожного покрытия в г. Буйнакск в 2026 году II этап;"МУНИЦИПАЛЬНОЕ КАЗЕННОЕ УЧРЕЖДЕНИЕ ""УПРАВЛЕНИЕ ЖИЛИЩНО-КОММУНАЛЬНОГО ХОЗЯЙСТВА ГОРОДА БУЙНАКСКА""";03033000065;3300000.0;22.09.2026;22.09.2026;30.09.2026;/epz/order/notice/ea20/view/common-info.html?regNumber=0303300006526000017
0345500001226000099;44-ФЗ;Электронный аукцион;Подача заявок;Оказание услуг по организации проживания всех клиентских групп Всероссийского форума «Приоритеты безопасности» в рамках деятельности Круглогодичного молодежного центра «Безопасность и профилактика» в 2026 году;"ГОСУДАРСТВЕННОЕ БЮДЖЕТНОЕ УЧРЕЖДЕНИЕ ЛЕНИНГРАДСКОЙ ОБЛАСТИ ""ЦЕНТР ПАТРИОТИЧЕСКОГО ВОСПИТАНИЯ""";03455000012;2262000.0;16.09.2026;22.09.2026;28.09.2026;/epz/order/notice/ea20/view/common-info.html?regNumber=0345500001226000099
0373400010926000891;44-ФЗ;Электронный аукцион;Определение поставщика отменено;Поставка медицинских изделий;"МОСКОВСКИЙ НАУЧНО-ИССЛЕДОВАТЕЛЬСКИЙ ОНКОЛОГИЧЕСКИЙ ИНСТИТУТ ИМЕНИ П.А. ГЕРЦЕНА - ФИЛИАЛ ФЕДЕРАЛЬНОГО ГОСУДАРСТВЕННОГО БЮДЖЕТНОГО УЧРЕЖДЕНИЯ ""НАЦИОНАЛЬНЫЙ МЕДИЦИНСКИЙ ИССЛЕДОВАТЕЛЬСКИЙ ЦЕНТР РАДИОЛОГИИ"" МИНИСТЕРСТВА ЗДРАВООХРАНЕНИЯ РОССИЙСКОЙ ФЕДЕРАЦИИ";03734000109;1500000.0;15.09.2026;22.09.2026;23.09.2026;/epz/order/notice/ea20/view/common-info.html?regNumber=0373400010926000891
0319200044426000046;44-ФЗ;Запрос котировок в электронной форме;Подача заявок;Поставка продуктов питания (Масло подсолнечное рафинированное);"КРАЕВОЕ ГОСУДАРСТВЕННОЕ БЮДЖЕТНОЕ УЧРЕЖДЕНИЕ СОЦИАЛЬНОГО ОБСЛУЖИВАНИЯ ""ЦЕНТР СОЦИАЛЬНОГО ОБСЛУЖИВАНИЯ НАСЕЛЕНИЯ""";03192000444;130500.0;22.09.2026;22.09.2026;30.09.2026;/epz/order/notice/zk20/view/common-info.html?regNumber=0319200044426000046
0311300390626000041;44-ФЗ;Электронный аукцион;Определение поставщика завершено;Продукты питания (овощи на 4 квартал 2026 года);"ГОСУДАРСТВЕННОЕ АВТОНОМНОЕ УЧРЕЖДЕНИЕ ЗДРАВООХРАНЕНИЯ ""ДЕТСКИЙ ЦЕНТР МЕДИЦИНСКОЙ РЕАБИЛИТАЦИИ""";03113003906;126669.4;14.09.2026;22.09.2026;22.09.2026;/epz/order/notice/ea20/view/common-info.html?regNumber=0311300390626000041
0800500017426000002;44-ФЗ;Электронный аукцион для торгов по обращению с твердыми коммунальными отходами;Определение поставщика отменено;Оказание услуг по транспортированию твердых коммунальных отходов на территории Самарской области в пределах зоны деятельности регионального оператора по обращению с твердыми коммунальными отходами: Внутригородские районы городского округа Самара: Промышленный район, Кировский район.;"АКЦИОНЕРНОЕ ОБЩЕСТВО ""ЭКОЛОГИЯ""";08005000174;706757031.2;22.09.2026;22.09.2026;08.10.2026;/epz/order/notice/ea20/view/common-info.html?regNumber=0800500017426000002
0335200014926003500;44-ФЗ;Электронный аукцион;Подача заявок;Выполнение работ по объекту: «Благоустройство зеленого сквера в г. Советск Калининградской области»;"ГОСУДАРСТВЕННОЕ КАЗЕННОЕ УЧРЕЖДЕНИЕ КАЛИНИНГРАДСКОЙ ОБЛАСТИ ""ЦЕНТР ОБЕСПЕЧЕНИЯ ОРГАНИЗАЦИИ И ПРОВЕДЕНИЯ ТОРГОВ""";03352000149;183407825.67;22.09.2026;22.09.2026;02.10.2026;/epz/order/notice/ea20/view/common-info.html?regNumber=0335200014926003500
0857500000126000339;44-ФЗ;Закупка, осуществляемая в соответствии с частью 12 статьи 93 Закона № 44-ФЗ;Подача заявок;;"ГОСУДАРСТВЕННОЕ КАЗЕННОЕ УЧРЕЖДЕНИЕ ЗДРАВООХРАНЕНИЯ ПСКОВСКОЙ ОБЛАСТИ ""УПРАВЛЕНИЕ ЛЕКАРСТВЕННОГО И МЕДИЦИНСКОГО ОБЕСПЕЧЕНИЯ""";08575000001;447600.0;22.09.2026;22.09.2026;;/epz/order/notice/ezt20/view/common-info.html?regNumber=0857500000126000339
0173100001526000090;44-ФЗ;Электронный аукцион;Определение поставщика завершено;Поставка неисключительных прав использования программного обеспечения для компонента подсистемы криптографической защиты информации и электронной подписи Единой автоматизированной информационной системы таможенных органов (обновление действующих лицензий на серверный компонент);ФЕДЕРАЛЬНАЯ ТАМОЖЕННАЯ СЛУЖБА;01731000015;59400000.0;10.09.2026;22.09.2026;18.09.2026;/epz/order/notice/ea20/view/common-info.html?regNumber=0173100001526000090
0311300390626000040;44-ФЗ;Электронный аукцион;Определение поставщика завершено;Продукты питания (минтай на 4 квартал 2026 года);"ГОСУДАРСТВЕННОЕ АВТОНОМНОЕ УЧРЕЖДЕНИЕ ЗДРАВООХРАНЕНИЯ ""ДЕТСКИЙ ЦЕНТР МЕДИЦИНСКОЙ РЕАБИЛИТАЦИИ""";03113003906;22649.76;14.09.2026;22.09.2026;22.09.2026;/epz/order/notice/ea20/view/common-info.html?regNumber=0311300390626000040
0321300085326000095;44-ФЗ;Электронный аукцион;Подача заявок;Поставка реагентов для клинико-диагностической лаборатории;"ГОСУДАРСТВЕННОЕ БЮДЖЕТНОЕ УЧРЕЖДЕНИЕ ЗДРАВООХРАНЕНИЯ СТАВРОПОЛЬСКОГО КРАЯ ""АЛЕКСАНДРОВСКАЯ РАЙОННАЯ БОЛЬНИЦА""";03213000853;1340619.86;22.09.2026;22.09.2026;30.09.2026;/epz/order/notice/ea20/view/common-info.html?regNumber=0321300085326000095
0373100072126001351;44-ФЗ;Электронный аукцион;Подача заявок;Поставка оборудования для нужд ФГБНУ «РНЦХ им. акад. Б.В.Петровского»;"ФЕДЕРАЛЬНОЕ ГОСУДАРСТВЕННОЕ БЮДЖЕТНОЕ НАУЧНОЕ УЧРЕЖДЕНИЕ ""РОССИЙСКИЙ НАУЧНЫЙ ЦЕНТР ХИРУРГИИ ИМЕНИ АКАДЕМИКА Б.В. ПЕТРОВСКОГО""";03731000721;236000.0;16.09.2026;22.09.2026;28.09.2026;/epz/order/notice/ea20/view/common-info.html?regNumber=0373100072126001351
0360300298826000002;44-ФЗ;Запрос котировок в электронной форме;Определение поставщика завершено;"Выполнение работ по устройству фундамента для модульного быстровозводимого корпуса филиала МБУ ДО ""ДЮЦ"" г. Петровска в д. Гудошниково, расположенного по адресу Саратовская область, Петровский район, д. Гудошниково, ул. Пионерская, земельный участок 1А.";"МУНИЦИПАЛЬНОЕ БЮДЖЕТНОЕ УЧРЕЖДЕНИЕ ДОПОЛНИТЕЛЬНОГО ОБРАЗОВАНИЯ ""ДЕТСКО-ЮНОШЕСКИЙ ЦЕНТР Г.ПЕТРОВСКА САРАТОВСКОЙ ОБЛАСТИ""";03603002988;2973749.48;14.09.2026;22.09.2026;21.09.2026;/epz/order/notice/zk20/view/common-info.html?regNumber=0360300298826000002
0311300390626000039;44-ФЗ;Электронный аукцион;Определение поставщика завершено;Продукты питания (компотная смесь на 4 квартал 2026 года);"ГОСУДАРСТВЕННОЕ АВТОНОМНОЕ УЧРЕЖДЕНИЕ ЗДРАВООХРАНЕНИЯ ""ДЕТСКИЙ ЦЕНТР МЕДИЦИНСКОЙ РЕАБИЛИТАЦИИ""";03113003906;12851.0;14.09.2026;22.09.2026;22.09.2026;/epz/order/notice/ea20/view/common-info.html?regNumber=0311300390626000039
0879500000126000047;44-ФЗ;Электронный аукцион;Определение поставщика завершено;продукты питания на 2027г.;"РЕСПУБЛИКАНСКОЕ ГОСУДАРСТВЕННОЕ БЮДЖЕТНОЕ ЛЕЧЕБНО-ПРОФИЛАКТИЧЕСКОЕ УЧРЕЖДЕНИЕ ""РЕСПУБЛИКАНСКАЯ ПСИХИАТРИЧЕСКАЯ БОЛЬНИЦА""";08795000001;439818.0;11.09.2026;22.09.2026;21.09.2026;/epz/order/notice/ea20/view/common-info.html?regNumber=0879500000126000047
0357200028826000178;44-ФЗ;Электронный аукцион;Подача заявок;Оказание услуг по ремонту и заправке картриджей;"ГОСУДАРСТВЕННОЕ БЮДЖЕТНОЕ УЧРЕЖДЕНИЕ ЗДРАВООХРАНЕНИЯ ПСКОВСКОЙ ОБЛАСТИ ""ПСКОВСКАЯ ГОРОДСКАЯ ПОЛИКЛИНИКА""";03572000288;500000.0;22.09.2026;22.09.2026;01.10.2026;/epz/order/notice/ea20/view/common-info.html?regNumber=0357200028826000178
0318300174026000144;44-ФЗ;Закупка, осуществляемая в соответствии с частью 12 статьи 93 Закона № 44-ФЗ;Работа комиссии;;"ГОСУДАРСТВЕННОЕ БЮДЖЕТНОЕ УЧРЕЖДЕНИЕ ЗДРАВООХРАНЕНИЯ ""ГОРОДСКАЯ ПОЛИКЛИНИКА № 27 ГОРОДА КРАСНОДАРА"" МИНИСТЕРСТВА ЗДРАВООХРАНЕНИЯ КРАСНОДАРСКОГО КРАЯ";03183001740;19200.0;22.09.2026;22.09.2026;;/epz/order/notice/ezt20/view/common-info.html?regNumber=0318300174026000144
0188300000926000092;44-ФЗ;Электронный аукцион;Работа комиссии;Предоставление неисключительных прав на программное обеспечение;АДМИНИСТРАЦИЯ МУНИЦИПАЛЬНОГО ОКРУГА ЭГВЕКИНОТ;01883000009;1656000.0;14.09.2026;22.09.2026;22.09.2026;/epz/order/notice/ea20/view/common-info.html?regNumber=0188300000926000092
0335200014926003239;44-ФЗ;Электронный аукцион;Определение поставщика завершено;Оказание услуг по техническому обслуживанию кондиционеров, сплит-систем кондиционирования;"ГОСУДАРСТВЕННОЕ КАЗЕННОЕ УЧРЕЖДЕНИЕ КАЛИНИНГРАДСКОЙ ОБЛАСТИ ""ЦЕНТР ОБЕСПЕЧЕНИЯ ОРГАНИЗАЦИИ И ПРОВЕДЕНИЯ ТОРГОВ""";03352000149;141120.0;10.09.2026;22.09.2026;21.09.2026;/epz/order/notice/ea20/view/common-info.html?regNumber=0335200014926003239
0303500001526000082;44-ФЗ;Закупка, осуществляемая в соответствии с частью 12 статьи 93 Закона № 44-ФЗ;Определение поставщика завершено;;"ГОСУДАРСТВЕННОЕ БЮДЖЕТНОЕ УЧРЕЖДЕНИЕ РЕСПУБЛИКИ ДАГЕСТАН ""ДАГЕСТАНСКИЙ ЦЕНТР МЕДИЦИНЫ КАТАСТРОФ""";03035000015;801391.0;22.09.2026;22.09.2026;;/epz/order/notice/ezt20/view/common-info.html?regNumber=0303500001526000082
0322300002526000152;44-ФЗ;Электронный аукцион;Работа комиссии;Оказание услуг по техническому обслуживанию биохимического анализатора Mindray BS-480, гематологического анализатора Mindray BС-760, с заменой запасных частей;"КРАЕВОЕ ГОСУДАРСТВЕННОЕ БЮДЖЕТНОЕ УЧРЕЖДЕНИЕ ЗДРАВООХРАНЕНИЯ ""ГОРОДСКАЯ КЛИНИЧЕСКАЯ ПОЛИКЛИНИКА № 3"" МИНИСТЕРСТВА ЗДРАВООХРАНЕНИЯ ХАБАРОВСКОГО КРАЯ";03223000025;289130.0;15.09.2026;22.09.2026;23.09.2026;/epz/order/notice/ea20/view/common-info.html?regNumber=0322300002526000152
0322300002526000153;44-ФЗ;Электронный аукцион;Работа комиссии;Поставка наборов реагентов для анализатора биохимического BS-480;"КРАЕВОЕ ГОСУДАРСТВЕННОЕ БЮДЖЕТНОЕ УЧРЕЖДЕНИЕ ЗДРАВООХРАНЕНИЯ ""ГОРОДСКАЯ КЛИНИЧЕСКАЯ ПОЛИКЛИНИКА № 3"" МИНИСТЕРСТВА ЗДРАВООХРАНЕНИЯ ХАБАРОВСКОГО КРАЯ";03223000025;203632.72;15.09.2026;22.09.2026;23.09.2026;/epz/order/notice/ea20/view/common-info.html?regNumber=0322300002526000153
0322300002526000154;44-ФЗ;Электронный аукцион;Работа комиссии;Поставка наборов реагентов для анализатора биохимического BS-480;"КРАЕВОЕ ГОСУДАРСТВЕННОЕ БЮДЖЕТНОЕ УЧРЕЖДЕНИЕ ЗДРАВООХРАНЕНИЯ ""ГОРОДСКАЯ КЛИНИЧЕСКАЯ ПОЛИКЛИНИКА № 3"" МИНИСТЕРСТВА ЗДРАВООХРАНЕНИЯ ХАБАРОВСКОГО КРАЯ";03223000025;429820.04;15.09.2026;22.09.2026;23.09.2026;/epz/order/notice/ea20/view/common-info.html?regNumber=0322300002526000154
0379300021026000039;44-ФЗ;Закупка, осуществляемая в соответствии с частью 12 статьи 93 Закона № 44-ФЗ;Определение поставщика завершено;;"РЕСПУБЛИКАНСКОЕ ГОСУДАРСТВЕННОЕ БЮДЖЕТНОЕ УЧРЕЖДЕНИЕ ЗДРАВООХРАНЕНИЯ ""НОГАЙСКАЯ ЦЕНТРАЛЬНАЯ РАЙОННАЯ ПОЛИКЛИНИКА""";03793000210;16500.0;22.09.2026;22.09.2026;;/epz/order/notice/ezt20/view/common-info.html?regNumber=0379300021026000039
0151300051526000007;44-ФЗ;Электронный аукцион;Подача заявок;Работы по содержанию в зимний период автомобильных дорог в населённых пунктах Каменского сельсовета Новосибирского района Новосибирской области;АДМИНИСТРАЦИЯ КАМЕНСКОГО СЕЛЬСОВЕТА НОВОСИБИРСКОГО РАЙОНА НОВОСИБИРСКОЙ ОБЛАСТИ;01513000515;11398000.0;22.09.2026;22.09.2026;30.09.2026;/epz/order/notice/ea20/view/common-info.html?regNumber=0151300051526000007
0311300390626000038;44-ФЗ;Электронный аукцион;Определение поставщика завершено;Продукты питания (яйцо на 4 квартал 2026 года);"ГОСУДАРСТВЕННОЕ АВТОНОМНОЕ УЧРЕЖДЕНИЕ ЗДРАВООХРАНЕНИЯ ""ДЕТСКИЙ ЦЕНТР МЕДИЦИНСКОЙ РЕАБИЛИТАЦИИ""";03113003906;18504.0;14.09.2026;22.09.2026;22.09.2026;/epz/order/notice/ea20/view/common-info.html?regNumber=0311300390626000038
0379300021026000038;44-ФЗ;Закупка, осуществляемая в соответствии с частью 12 статьи 93 Закона № 44-ФЗ;Определение поставщика завершено;;"РЕСПУБЛИКАНСКОЕ ГОСУДАРСТВЕННОЕ БЮДЖЕТНОЕ УЧРЕЖДЕНИЕ ЗДРАВООХРАНЕНИЯ ""НОГАЙСКАЯ ЦЕНТРАЛЬНАЯ РАЙОННАЯ ПОЛИКЛИНИКА""";03793000210;24600.0;22.09.2026;22.09.2026;;/epz/order/notice/ezt20/view/common-info.html?regNumber=0379300021026000038
0318300105826000097;44-ФЗ;Запрос котировок в электронной форме;Подача заявок;Поставка и установка дополнительных стеллажей для нужд ГБУЗ ГП №12 г. Краснодара МЗ КК;"ГОСУДАРСТВЕННОЕ БЮДЖЕТНОЕ УЧРЕЖДЕНИЕ ЗДРАВООХРАНЕНИЯ ""ГОРОДСКАЯ ПОЛИКЛИНИКА № 12 ГОРОДА КРАСНОДАРА"" МИНИСТЕРСТВА ЗДРАВООХРАНЕНИЯ КРАСНОДАРСКОГО КРАЯ";03183001058;200000.0;22.09.2026;22.09.2026;29.09.2026;/epz/order/notice/zk20/view/common-info.html?regNumber=0318300105826000097
0318100051226000091;44-ФЗ;Открытый конкурс в электронной форме;Подача заявок;"Установка освещения на участках км 9+000 - км 11+260 (п. Лермонтово), км 14+000 - км 16+700 (п. Солнечный, п. Чайка, п. Радужный), км 17+190 - км 17+800 (Мотокросс ""Орленок""), км 18+100- км 19+100 (п. Пляхо, ""Орленок""), км 31+000 - км 33+350 (п. Ольгинка), км 40+700 - км 43+100 (п. Тюменский), км 43+000 - км 44+000 (п. Зорька), км 51+800- км 54+000 (Панорама-парк), км 77+070- км 77+850 (сан.""Шепси""), км 82+030- км 82+580 (п. Магри, пост ДПС), км 102+200- км 104+000 (ост. Мамедова щель), км 111+360- км 114+000 (п. Солоники- север), км 119+000- км 120+100 (п. Каткова щель), км 131+250- км 135+450 (п. Головинка), км 138+970- км 139+750 (п. Якорная Щель- север), км 144+600- км 145+600 (сан. «Шексна»), км 156+610- км 157+760 (перевал Лоо), км 161+850- км 163+260 (сан. ""Семашко""), км 170+430- км 171+430 (Мамайский перевал) автомобильной дороги А-147 Джубга - Сочи - граница с Республикой Абхазия, Краснодарский край";"ФЕДЕРАЛЬНОЕ КАЗЕННОЕ УЧРЕЖДЕНИЕ ""УПРАВЛЕНИЕ ФЕДЕРАЛЬНЫХ АВТОМОБИЛЬНЫХ ДОРОГ ""ЧЕРНОМОРЬЕ"" ФЕДЕРАЛЬНОГО ДОРОЖНОГО АГЕНТСТВА""";03181000512;724441320.0;22.09.2026;22.09.2026;08.10.2026;/epz/order/notice/ok20/view/common-info.html?regNumber=0318100051226000091
0348300050126000088;44-ФЗ;Электронный аукцион;Подача заявок;Закупка стоматологических медицинских изделий (Бумага для определения артикуляции зубов);"ГОСУДАРСТВЕННОЕ БЮДЖЕТНОЕ УЧРЕЖДЕНИЕ ЗДРАВООХРАНЕНИЯ МОСКОВСКОЙ ОБЛАСТИ ""СЕРЕБРЯНО-ПРУДСКАЯ БОЛЬНИЦА""";03483000501;51791.8;22.09.2026;22.09.2026;30.09.2026;/epz/order/notice/ea20/view/common-info.html?regNumber=0348300050126000088
0351300161526000208;44-ФЗ;Запрос котировок в электронной форме;Подача заявок;Поставка одноразовых изделий медицинского назначения;"ГОСУДАРСТВЕННОЕ БЮДЖЕТНОЕ УЧРЕЖДЕНИЕ ЗДРАВООХРАНЕНИЯ НОВОСИБИРСКОЙ ОБЛАСТИ ""КЫШТОВСКАЯ ЦЕНТРАЛЬНАЯ РАЙОННАЯ БОЛЬНИЦА""";03513001615;19952.8;22.09.2026;22.09.2026;29.09.2026;/epz/order/notice/zk20/view/common-info.html?regNumber=0351300161526000208
0303500001526000081;44-ФЗ;Закупка, осуществляемая в соответствии с частью 12 статьи 93 Закона № 44-ФЗ;Определение поставщика завершено;;"ГОСУДАРСТВЕННОЕ БЮДЖЕТНОЕ УЧРЕЖДЕНИЕ РЕСПУБЛИКИ ДАГЕСТАН ""ДАГЕСТАНСКИЙ ЦЕНТР МЕДИЦИНЫ КАТАСТРОФ""";03035000015;801391.0;22.09.2026;22.09.2026;;/epz/order/notice/ezt20/view/common-info.html?regNumber=0303500001526000081
0311300390626000037;44-ФЗ;Электронный аукцион;Определение поставщика завершено;Продукты питания (мясо говядины бескостное на 4 квартал 2026 года);"ГОСУДАРСТВЕННОЕ АВТОНОМНОЕ УЧРЕЖДЕНИЕ ЗДРАВООХРАНЕНИЯ ""ДЕТСКИЙ ЦЕНТР МЕДИЦИНСКОЙ РЕАБИЛИТАЦИИ""";03113003906;732080.0;14.09.2026;22.09.2026;22.09.2026;/epz/order/notice/ea20/view/common-info.html?regNumber=0311300390626000037
0360300199926000242;44-ФЗ;Закупка, осуществляемая в соответствии с частью 12 статьи 93 Закона № 44-ФЗ;Определение поставщика завершено;;"ГОСУДАРСТВЕННОЕ УЧРЕЖДЕНИЕ ЗДРАВООХРАНЕНИЯ ""САРАТОВСКАЯ ГОРОДСКАЯ ДЕТСКАЯ КЛИНИЧЕСКАЯ БОЛЬНИЦА""";03603001999;23606.0;22.09.2026;22.09.2026;;/epz/order/notice/ezt20/view/common-info.html?regNumber=0360300199926000242
0335200014926003482;44-ФЗ;Электронный аукцион;Подача заявок;Поставка медицинских изделий (Тепло/влагообменник/ бактериальный фильтр, стерильный);"ГОСУДАРСТВЕННОЕ КАЗЕННОЕ УЧРЕЖДЕНИЕ КАЛИНИНГРАДСКОЙ ОБЛАСТИ ""ЦЕНТР ОБЕСПЕЧЕНИЯ ОРГАНИЗАЦИИ И ПРОВЕДЕНИЯ ТОРГОВ""";03352000149;1000000.0;22.09.2026;22.09.2026;07.10.2026;/epz/order/notice/ea20/view/common-info.html?regNumber=0335200014926003482
0319200044426000045;44-ФЗ;Запрос котировок в электронной форме;Подача заявок;Поставка продуктов питания (крупа гречневая);"КРАЕВОЕ ГОСУДАРСТВЕННОЕ БЮДЖЕТНОЕ УЧРЕЖДЕНИЕ СОЦИАЛЬНОГО ОБСЛУЖИВАНИЯ ""ЦЕНТР СОЦИАЛЬНОГО ОБСЛУЖИВАНИЯ НАСЕЛЕНИЯ""";03192000444;64528.64;22.09.2026;22.09.2026;30.09.2026;/epz/order/notice/zk20/view/common-info.html?regNumber=0319200044426000045
0372200119826000067;44-ФЗ;Электронный аукцион;Подача заявок;"Поставка лекарственного препарата для медицинского применения Золедроновая кислота для Санкт-Петербургского государственного бюджетного учреждения здравоохранения ""Городская поликлиника №112"" в 2026 году";"САНКТ-ПЕТЕРБУРГСКОЕ ГОСУДАРСТВЕННОЕ БЮДЖЕТНОЕ УЧРЕЖДЕНИЕ ЗДРАВООХРАНЕНИЯ ""ГОРОДСКАЯ ПОЛИКЛИНИКА № 112""";03722001198;303672.0;22.09.2026;22.09.2026;30.09.2026;/epz/order/notice/ea20/view/common-info.html?regNumber=0372200119826000067
0130600031226000171;44-ФЗ;Электронный аукцион;Подача заявок;Поставка горюче-смазочных материалов;АДМИНИСТРАЦИЯ ВЕЛИКОУСТЮГСКОГО МУНИЦИПАЛЬНОГО ОКРУГА ВОЛОГОДСКОЙ ОБЛАСТИ;01306000312;381832.02;22.09.2026;22.09.2026;01.10.2026;/epz/order/notice/ea20/view/common-info.html?regNumber=0130600031226000171
0818500000826006247;44-ФЗ;Электронный аукцион;Подача заявок;Поставка медицинских изделий (Рефрактометр/ Рефрактокератометр автоматический);"ГОСУДАРСТВЕННОЕ КАЗЕННОЕ УЧРЕЖДЕНИЕ КРАСНОДАРСКОГО КРАЯ ""ДИРЕКЦИЯ ГОСУДАРСТВЕННЫХ ЗАКУПОК""";08185000008;1200000.0;22.09.2026;22.09.2026;30.09.2026;/epz/order/notice/ea20/view/common-info.html?regNumber=0818500000826006247
0307300055126000336;44-ФЗ;Электронный аукцион;Определение поставщика завершено;Поставка расходного материала для клинико-диагностической лаборатории;"ГОСУДАРСТВЕННОЕ БЮДЖЕТНОЕ УЧРЕЖДЕНИЕ ЗДРАВООХРАНЕНИЯ РЕСПУБЛИКИ КОМИ ""УСИНСКАЯ ЦЕНТРАЛЬНАЯ РАЙОННАЯ БОЛЬНИЦА""";03073000551;997015.0;14.09.2026;22.09.2026;22.09.2026;/epz/order/notice/ea20/view/common-info.html?regNumber=0307300055126000336
0335200014926003458;44-ФЗ;Электронный аукцион;Подача заявок;на поставку лекарственных препаратов для медицинского применения (МНН: ИНСУЛИН ДЕГЛУДЕК);"ГОСУДАРСТВЕННОЕ КАЗЕННОЕ УЧРЕЖДЕНИЕ КАЛИНИНГРАДСКОЙ ОБЛАСТИ ""ЦЕНТР ОБЕСПЕЧЕНИЯ ОРГАНИЗАЦИИ И ПРОВЕДЕНИЯ ТОРГОВ""";03352000149;77200200.0;22.09.2026;22.09.2026;08.10.2026;/epz/order/notice/ea20/view/common-info.html?regNumber=0335200014926003458
0311300390626000036;44-ФЗ;Электронный аукцион;Определение поставщика завершено;Продукты питания (хлеб 4 квартал 2026 года);"ГОСУДАРСТВЕННОЕ АВТОНОМНОЕ УЧРЕЖДЕНИЕ ЗДРАВООХРАНЕНИЯ ""ДЕТСКИЙ ЦЕНТР МЕДИЦИНСКОЙ РЕАБИЛИТАЦИИ""";03113003906;137371.5;14.09.2026;22.09.2026;22.09.2026;/epz/order/notice/ea20/view/common-info.html?regNumber=0311300390626000036
0343300007226000165;44-ФЗ;Запрос котировок в электронной форме;Подача заявок;"Оказание услуг по транспортированию, обеззараживанию (обезвреживанию) медицинских отходов класса ""Б""";"ГОСУДАРСТВЕННОЕ БЮДЖЕТНОЕ УЧРЕЖДЕНИЕ ""КУРГАНСКАЯ ПОЛИКЛИНИКА №2""";03433000072;1500000.0;21.09.2026;22.09.2026;29.09.2026;/epz/order/notice/zk20/view/common-info.html?regNumber=0343300007226000165
0335200014926003459;44-ФЗ;Электронный аукцион;Подача заявок;на поставку лекарственных препаратов для медицинского применения (МНН: ДЕНОСУМАБ);"ГОСУДАРСТВЕННОЕ КАЗЕННОЕ УЧРЕЖДЕНИЕ КАЛИНИНГРАДСКОЙ ОБЛАСТИ ""ЦЕНТР ОБЕСПЕЧЕНИЯ ОРГАНИЗАЦИИ И ПРОВЕДЕНИЯ ТОРГОВ""";03352000149;61313548.95;22.09.2026;22.09.2026;08.10.2026;/epz/order/notice/ea20/view/common-info.html?regNumber=0335200014926003459
0336300059326000029;44-ФЗ;Закупка, осуществляемая в соответствии с частью 12 статьи 93 Закона № 44-ФЗ;Определение поставщика завершено;;"ГОСУДАРСТВЕННОЕ БЮДЖЕТНОЕ УЧРЕЖДЕНИЕ ЗДРАВООХРАНЕНИЯ ТВЕРСКОЙ ОБЛАСТИ ""СОНКОВСКАЯ ЦЕНТРАЛЬНАЯ РАЙОННАЯ БОЛЬНИЦА""";03363000593;1130.0;22.09.2026;22.09.2026;;/epz/order/notice/ezt20/view/common-info.html?regNumber=0336300059326000029
0172200001226000024;44-ФЗ;Запрос котировок в электронной форме;Подача заявок;Поставка многофункциональных устройств (МФУ) для нужд Управления по надзору и контролю за соблюдением законодательства в сфере образования Комитета по образованию в 2026 году;КОМИТЕТ ПО ОБРАЗОВАНИЮ;01722000012;1526645.78;22.09.2026;22.09.2026;29.09.2026;/epz/order/notice/zk20/view/common-info.html?regNumber=0172200001226000024
0818500000826006246;44-ФЗ;Электронный аукцион;Подача заявок;Поставка бумаги для офисной техники;"ГОСУДАРСТВЕННОЕ КАЗЕННОЕ УЧРЕЖДЕНИЕ КРАСНОДАРСКОГО КРАЯ ""ДИРЕКЦИЯ ГОСУДАРСТВЕННЫХ ЗАКУПОК""";08185000008;2000000.0;22.09.2026;22.09.2026;30.09.2026;/epz/order/notice/ea20/view/common-info.html?regNumber=0818500000826006246
0335200014926003468;44-ФЗ;Электронный аукцион;Подача заявок;на поставку лекарственного препарата для медицинского применения (МНН: АВАТРОМБОПАГ);"ГОСУДАРСТВЕННОЕ КАЗЕННОЕ УЧРЕЖДЕНИЕ КАЛИНИНГРАДСКОЙ ОБЛАСТИ ""ЦЕНТР ОБЕСПЕЧЕНИЯ ОРГАНИЗАЦИИ И ПРОВЕДЕНИЯ ТОРГОВ""";03352000149;1669800.0;22.09.2026;22.09.2026;08.10.2026;/epz/order/notice/ea20/view/common-info.html?regNumber=0335200014926003468
0329300060326000008;44-ФЗ;Запрос котировок в электронной форме;Подача заявок;Поставка компьютерной и организационной техники для актового зала МКОУ «Старополтавская СШ»;ОТДЕЛ ПО УПРАВЛЕНИЮ ИМУЩЕСТВОМ АДМИНИСТРАЦИИ СТАРОПОЛТАВСКОГО МУНИЦИПАЛЬНОГО РАЙОНА;03293000603;186666.66;22.09.2026;22.09.2026;29.09.2026;/epz/order/notice/zk20/view/common-info.html?regNumber=0329300060326000008
0335200014926003252;44-ФЗ;Электронный аукцион;Определение поставщика завершено;Поставка товара (овощи);"ГОСУДАРСТВЕННОЕ КАЗЕННОЕ УЧРЕЖДЕНИЕ КАЛИНИНГРАДСКОЙ ОБЛАСТИ ""ЦЕНТР ОБЕСПЕЧЕНИЯ ОРГАНИЗАЦИИ И ПРОВЕДЕНИЯ ТОРГОВ""";03352000149;636632.0;14.09.2026;22.09.2026;22.09.2026;/epz/order/notice/ea20/view/common-info.html?regNumber=0335200014926003252
0818500000826006245;44-ФЗ;Электронный аукцион;Подача заявок;Поставка расходных материалов (игла двусторонняя);"ГОСУДАРСТВЕННОЕ КАЗЕННОЕ УЧРЕЖДЕНИЕ КРАСНОДАРСКОГО КРАЯ ""ДИРЕКЦИЯ ГОСУДАРСТВЕННЫХ ЗАКУПОК""";08185000008;1177648.0;22.09.2026;22.09.2026;30.09.2026;/epz/order/notice/ea20/view/common-info.html?regNumber=0818500000826006245
0335200014926003460;44-ФЗ;Электронный аукцион;Подача заявок;на поставку лекарственных препаратов для медицинского применения (МНН: АЛИРОКУМАБ);"ГОСУДАРСТВЕННОЕ КАЗЕННОЕ УЧРЕЖДЕНИЕ КАЛИНИНГРАДСКОЙ ОБЛАСТИ ""ЦЕНТР ОБЕСПЕЧЕНИЯ ОРГАНИЗАЦИИ И ПРОВЕДЕНИЯ ТОРГОВ""";03352000149;23902467.16;22.09.2026;22.09.2026;08.10.2026;/epz/order/notice/ea20/view/common-info.html?regNumber=0335200014926003460
0335200014926003207;44-ФЗ;Электронный аукцион;Определение поставщика завершено;на поставку изделий медицинского назначения (сетка хирургическая для использования не только в гинекологии, из синтетического полимера, нерассасывающаяся);"ГОСУДАРСТВЕННОЕ КАЗЕННОЕ УЧРЕЖДЕНИЕ КАЛИНИНГРАДСКОЙ ОБЛАСТИ ""ЦЕНТР ОБЕСПЕЧЕНИЯ ОРГАНИЗАЦИИ И ПРОВЕДЕНИЯ ТОРГОВ""";03352000149;395435.0;10.09.2026;22.09.2026;21.09.2026;/epz/order/notice/ea20/view/common-info.html?regNumber=0335200014926003207
0335200014926003219;44-ФЗ;Электронный аукцион;Определение поставщика завершено;на поставку лекарственных препаратов для медицинского применения (МНН: КОЛИСТИМЕТАТ НАТРИЯ);"ГОСУДАРСТВЕННОЕ КАЗЕННОЕ УЧРЕЖДЕНИЕ КАЛИНИНГРАДСКОЙ ОБЛАСТИ ""ЦЕНТР ОБЕСПЕЧЕНИЯ ОРГАНИЗАЦИИ И ПРОВЕДЕНИЯ ТОРГОВ""";03352000149;431040.0;09.09.2026;22.09.2026;22.09.2026;/epz/order/notice/ea20/view/common-info.html?regNumber=0335200014926003219
0335200014926003151;44-ФЗ;Электронный аукцион;Определение поставщика завершено;на поставку лекарственных препаратов для медицинского применения (МНН: ЦЕФОПЕРАЗОН+ СУЛЬБАКТАМ);"ГОСУДАРСТВЕННОЕ КАЗЕННОЕ УЧРЕЖДЕНИЕ КАЛИНИНГРАДСКОЙ ОБЛАСТИ ""ЦЕНТР ОБЕСПЕЧЕНИЯ ОРГАНИЗАЦИИ И ПРОВЕДЕНИЯ ТОРГОВ""";03352000149;1350000.0;07.09.2026;22.09.2026;21.09.2026;/epz/order/notice/ea20/view/common-info.html?regNumber=0335200014926003151
0335200014926003247;44-ФЗ;Электронный аукцион;Определение поставщика завершено;на поставку изделий для медицинского применения (Гипертонический стерильный раствор для ингаляции);"ГОСУДАРСТВЕННОЕ КАЗЕННОЕ УЧРЕЖДЕНИЕ КАЛИНИНГРАДСКОЙ ОБЛАСТИ ""ЦЕНТР ОБЕСПЕЧЕНИЯ ОРГАНИЗАЦИИ И ПРОВЕДЕНИЯ ТОРГОВ""";03352000149;883050.0;11.09.2026;22.09.2026;22.09.2026;/epz/order/notice/ea20/view/common-info.html?regNumber=0335200014926003247
0318300498826000290;44-ФЗ;Закупка, осуществляемая в соответствии с частью 12 статьи 93 Закона № 44-ФЗ;Определение поставщика завершено;;"ГОСУДАРСТВЕННОЕ БЮДЖЕТНОЕ УЧРЕЖДЕНИЕ ЗДРАВООХРАНЕНИЯ ""РОДИЛЬНЫЙ ДОМ ГОРОДА КРАСНОДАРА"" МИНИСТЕРСТВА ЗДРАВООХРАНЕНИЯ КРАСНОДАРСКОГО КРАЯ";03183004988;300000.0;22.09.2026;22.09.2026;;/epz/order/notice/ezt20/view/common-info.html?regNumber=0318300498826000290
0335200014926003132;44-ФЗ;Электронный аукцион;Определение поставщика завершено;Поставка медицинских изделий (Эндопротез тазобедренного сустава тотальный с парой трения металл-полиэтилен);"ГОСУДАРСТВЕННОЕ КАЗЕННОЕ УЧРЕЖДЕНИЕ КАЛИНИНГРАДСКОЙ ОБЛАСТИ ""ЦЕНТР ОБЕСПЕЧЕНИЯ ОРГАНИЗАЦИИ И ПРОВЕДЕНИЯ ТОРГОВ""";03352000149;1194100.0;04.09.2026;22.09.2026;18.09.2026;/epz/order/notice/ea20/view/common-info.html?regNumber=0335200014926003132
0818500000826006244;44-ФЗ;Электронный аукцион;Подача заявок;Поставка медицинского изделия (Система рентгеновская (флюорографическая) для скрининга органов грудной клетки );"ГОСУДАРСТВЕННОЕ КАЗЕННОЕ УЧРЕЖДЕНИЕ КРАСНОДАРСКОГО КРАЯ ""ДИРЕКЦИЯ ГОСУДАРСТВЕННЫХ ЗАКУПОК""";08185000008;10437133.33;22.09.2026;22.09.2026;30.09.2026;/epz/order/notice/ea20/view/common-info.html?regNumber=0818500000826006244
0301300108326000023;44-ФЗ;Закупка, осуществляемая в соответствии с частью 12 статьи 93 Закона № 44-ФЗ;Подача заявок;;ГОСУДАРСТВЕННОЕ БЮДЖЕТНОЕ УЧРЕЖДЕНИЕ ЗДРАВООХРАНЕНИЯ РЕСПУБЛИКИ БАШКОРТОСТАН КАЛТАСИНСКАЯ ЦЕНТРАЛЬНАЯ РАЙОННАЯ БОЛЬНИЦА;03013001083;38979.0;22.09.2026;22.09.2026;;/epz/order/notice/ezt20/view/common-info.html?regNumber=0301300108326000023
0131200001026006525;44-ФЗ;Электронный аукцион;Подача заявок;2026-06946/ Приобретение 4 (четырех) жилых помещений (квартир) путем участия в долевом строительстве многоквартирных домов, расположенных в административных границах городских округов и муниципальных районов Воронежской области;МИНИСТЕРСТВО ПО РЕГУЛИРОВАНИЮ КОНТРАКТНОЙ СИСТЕМЫ В СФЕРЕ ЗАКУПОК ВОРОНЕЖСКОЙ ОБЛАСТИ;01312000010;16814016.36;22.09.2026;22.09.2026;30.09.2026;/epz/order/notice/ea20/view/common-info.html?regNumber=0131200001026006525
0335200014926003198;44-ФЗ;Электронный аукцион;Определение поставщика завершено;на поставку лекарственных препаратов для медицинского применения (МНН: ТИОКТОВАЯ КИСЛОТА);"ГОСУДАРСТВЕННОЕ КАЗЕННОЕ УЧРЕЖДЕНИЕ КАЛИНИНГРАДСКОЙ ОБЛАСТИ ""ЦЕНТР ОБЕСПЕЧЕНИЯ ОРГАНИЗАЦИИ И ПРОВЕДЕНИЯ ТОРГОВ""";03352000149;9073832.4;10.09.2026;22.09.2026;22.09.2026;/epz/order/notice/ea20/view/common-info.html?regNumber=0335200014926003198
0335200014926003208;44-ФЗ;Электронный аукцион;Определение поставщика завершено;на поставку лекарственных препаратов для медицинского применения (МНН: Индакатерол);"ГОСУДАРСТВЕННОЕ КАЗЕННОЕ УЧРЕЖДЕНИЕ КАЛИНИНГРАДСКОЙ ОБЛАСТИ ""ЦЕНТР ОБЕСПЕЧЕНИЯ ОРГАНИЗАЦИИ И ПРОВЕДЕНИЯ ТОРГОВ""";03352000149;2451988.8;10.09.2026;22.09.2026;22.09.2026;/epz/order/notice/ea20/view/common-info.html?regNumber=0335200014926003208
0131200001026006524;44-ФЗ;Электронный аукцион;Подача заявок;2026-06945/ Приобретение 4 (четырех) жилых помещений (квартир) путем участия в долевом строительстве многоквартирных домов, расположенных в административных границах городских округов и муниципальных районов Воронежской области;МИНИСТЕРСТВО ПО РЕГУЛИРОВАНИЮ КОНТРАКТНОЙ СИСТЕМЫ В СФЕРЕ ЗАКУПОК ВОРОНЕЖСКОЙ ОБЛАСТИ;01312000010;16814016.36;22.09.2026;22.09.2026;30.09.2026;/epz/order/notice/ea20/view/common-info.html?regNumber=0131200001026006524
0335200014926003194;44-ФЗ;Электронный аукцион;Определение поставщика завершено;на поставку лекарственных препаратов для медицинского применения (МНН: БУПИВАКАИН);"ГОСУДАРСТВЕННОЕ КАЗЕННОЕ УЧРЕЖДЕНИЕ КАЛИНИНГРАДСКОЙ ОБЛАСТИ ""ЦЕНТР ОБЕСПЕЧЕНИЯ ОРГАНИЗАЦИИ И ПРОВЕДЕНИЯ ТОРГОВ""";03352000149;561440.0;09.09.2026;22.09.2026;22.09.2026;/epz/order/notice/ea20/view/common-info.html?regNumber=0335200014926003194
0321300132026000001;44-ФЗ;Закупка, осуществляемая в соответствии с частью 12 статьи 93 Закона № 44-ФЗ;Определение поставщика завершено;;"МУНИЦИПАЛЬНОЕ БЮДЖЕТНОЕ ОБЩЕОБРАЗОВАТЕЛЬНОЕ УЧРЕЖДЕНИЕ ""СРЕДНЯЯ ОБЩЕОБРАЗОВАТЕЛЬНАЯ ШКОЛА № 15 ИМЕНИ А.З. ПОТАПОВА СТ. ЛЫСОГОРСКОЙ""";03213001320;727812.0;22.09.2026;22.09.2026;;/epz/order/notice/ezt20/view/common-info.html?regNumber=0321300132026000001
0335200014926003218;44-ФЗ;Электронный аукцион;Определение поставщика завершено;на поставку лекарственных препаратов для медицинского применения (МНН:СОТАЛОЛ);"ГОСУДАРСТВЕННОЕ КАЗЕННОЕ УЧРЕЖДЕНИЕ КАЛИНИНГРАДСКОЙ ОБЛАСТИ ""ЦЕНТР ОБЕСПЕЧЕНИЯ ОРГАНИЗАЦИИ И ПРОВЕДЕНИЯ ТОРГОВ""";03352000149;1580212.8;10.09.2026;22.09.2026;22.09.2026;/epz/order/notice/ea20/view/common-info.html?regNumber=0335200014926003218
0335200014926003160;44-ФЗ;Электронный аукцион;Определение поставщика завершено;на поставку лекарственных препаратов для медицинского применения (МНН: ЦЕФОТАКСИМ);"ГОСУДАРСТВЕННОЕ КАЗЕННОЕ УЧРЕЖДЕНИЕ КАЛИНИНГРАДСКОЙ ОБЛАСТИ ""ЦЕНТР ОБЕСПЕЧЕНИЯ ОРГАНИЗАЦИИ И ПРОВЕДЕНИЯ ТОРГОВ""";03352000149;625000.0;07.09.2026;22.09.2026;21.09.2026;/epz/order/notice/ea20/view/common-info.html?regNumber=0335200014926003160
0131200001026006523;44-ФЗ;Электронный аукцион;Подача заявок;2026-06950/ Приобретение 4 (четырех) жилых помещений (квартир) путем участия в долевом строительстве многоквартирных домов, расположенных в административных границах городских округов и муниципальных районов Воронежской области;МИНИСТЕРСТВО ПО РЕГУЛИРОВАНИЮ КОНТРАКТНОЙ СИСТЕМЫ В СФЕРЕ ЗАКУПОК ВОРОНЕЖСКОЙ ОБЛАСТИ;01312000010;16814016.36;22.09.2026;22.09.2026;30.09.2026;/epz/order/notice/ea20/view/common-info.html?regNumber=0131200001026006523
0348100022426000028;44-ФЗ;Электронный аукцион;Подача заявок;Услуги по метрологической поверке оборудования 2026 Малаховское и Озерское;"ГОСУДАРСТВЕННОЕ БЮДЖЕТНОЕ УЧРЕЖДЕНИЕ ЗДРАВООХРАНЕНИЯ МОСКОВСКОЙ ОБЛАСТИ ДЕТСКИЙ САНАТОРИЙ ""ОТДЫХ""";03481000224;313311.67;22.09.2026;22.09.2026;30.09.2026;/epz/order/notice/ea20/view/common-info.html?regNumber=0348100022426000028
0319200044426000044;44-ФЗ;Запрос котировок в электронной форме;Подача заявок;Поставка продуктов питания (Продукты быстрого приготовления (лапша));"КРАЕВОЕ ГОСУДАРСТВЕННОЕ БЮДЖЕТНОЕ УЧРЕЖДЕНИЕ СОЦИАЛЬНОГО ОБСЛУЖИВАНИЯ ""ЦЕНТР СОЦИАЛЬНОГО ОБСЛУЖИВАНИЯ НАСЕЛЕНИЯ""";03192000444;29106.0;22.09.2026;22.09.2026;30.09.2026;/epz/order/notice/zk20/view/common-info.html?regNumber=0319200044426000044
0372200236126000062;44-ФЗ;Открытый конкурс в электронной форме;Подача заявок;"Выполнение работ по оснащению комплексными системами обеспечения безопасности (СПС, СОУЭ, ОТС) сооружений по адресам: Санкт-Петербург, п. Парголово, тер. Осиновая Роща, Сосновый пер., д. 4 (раздевалка у игрового поля, раздевалка у игрового поля №2, раздевалка у тренировочного поля, зал силовой подготовки, гараж); Санкт-Петербург, п. Парголово, тер. Осиновая Роща, Сосновый пер., д. 2 (зал общей физической подготовки)";"САНКТ-ПЕТЕРБУРГСКОЕ ГОСУДАРСТВЕННОЕ БЮДЖЕТНОЕ ПРОФЕССИОНАЛЬНОЕ ОБРАЗОВАТЕЛЬНОЕ УЧРЕЖДЕНИЕ ""ОЛИМПИЙСКИЕ НАДЕЖДЫ""";03722002361;10235202.44;22.09.2026;22.09.2026;08.10.2026;/epz/order/notice/ok20/view/common-info.html?regNumber=0372200236126000062
0301300023126000090;44-ФЗ;Закупка, осуществляемая в соответствии с частью 12 статьи 93 Закона № 44-ФЗ;Определение поставщика завершено;;ГОСУДАРСТВЕННОЕ БЮДЖЕТНОЕ УЧРЕЖДЕНИЕ ЗДРАВООХРАНЕНИЯ РЕСПУБЛИКИ БАШКОРТОСТАН АКЪЯРСКАЯ ЦЕНТРАЛЬНАЯ РАЙОННАЯ БОЛЬНИЦА;03013000231;35305.0;22.09.2026;22.09.2026;;/epz/order/notice/ezt20/view/common-info.html?regNumber=0301300023126000090
0869200000226007717;44-ФЗ;Запрос котировок в электронной форме;Подача заявок;на поставку лекарственного препарата для медицинского применения – ВАКЦИНА ДЛЯ ПРОФИЛАКТИКИ ГРИППА [ИНАКТИВИРОВАННАЯ];"ГОСУДАРСТВЕННОЕ КАЗЕННОЕ УЧРЕЖДЕНИЕ ""ЦЕНТР ОРГАНИЗАЦИИ ЗАКУПОК ЧЕЛЯБИНСКОЙ ОБЛАСТИ""";08692000002;394980.0;22.09.2026;22.09.2026;29.09.2026;/epz/order/notice/zk20/view/common-info.html?regNumber=0869200000226007717
0301300022126000182;44-ФЗ;Электронный аукцион;Определение поставщика завершено;Оказание услуг по техническому обслуживанию технических средств охраны;ГОСУДАРСТВЕННОЕ БЮДЖЕТНОЕ УЧРЕЖДЕНИЕ ЗДРАВООХРАНЕНИЯ РЕСПУБЛИКИ БАШКОРТОСТАН ЦЕНТР СКОРОЙ МЕДИЦИНСКОЙ ПОМОЩИ И МЕДИЦИНЫ КАТАСТРОФ;03013000221;1056000.0;14.09.2026;22.09.2026;22.09.2026;/epz/order/notice/ea20/view/common-info.html?regNumber=0301300022126000182
0310200000326003301;44-ФЗ;Запрос котировок в электронной форме;Подача заявок;Продукты питания (Яйца куриные);УПРАВЛЕНИЕ РЕСПУБЛИКИ СЕВЕРНАЯ ОСЕТИЯ-АЛАНИЯ ПО ПРОВЕДЕНИЮ ЗАКУПОК ДЛЯ ГОСУДАРСТВЕННЫХ НУЖД;03102000003;25639.2;22.09.2026;22.09.2026;29.09.2026;/epz/order/notice/zk20/view/common-info.html?regNumber=0310200000326003301
0335200014926003229;44-ФЗ;Электронный аукцион;Определение поставщика завершено;на поставку лекарственных препаратов для медицинского применения (МНН:САЛМЕТЕРОЛ+ФЛУТИКАЗОН);"ГОСУДАРСТВЕННОЕ КАЗЕННОЕ УЧРЕЖДЕНИЕ КАЛИНИНГРАДСКОЙ ОБЛАСТИ ""ЦЕНТР ОБЕСПЕЧЕНИЯ ОРГАНИЗАЦИИ И ПРОВЕДЕНИЯ ТОРГОВ""";03352000149;128520.0;10.09.2026;22.09.2026;22.09.2026;/epz/order/notice/ea20/view/common-info.html?regNumber=0335200014926003229
0131200001026006522;44-ФЗ;Электронный аукцион;Подача заявок;2026-06948/ Приобретение 4 (четырех) жилых помещений (квартир) путем участия в долевом строительстве многоквартирных домов, расположенных в административных границах городских округов и муниципальных районов Воронежской области;МИНИСТЕРСТВО ПО РЕГУЛИРОВАНИЮ КОНТРАКТНОЙ СИСТЕМЫ В СФЕРЕ ЗАКУПОК ВОРОНЕЖСКОЙ ОБЛАСТИ;01312000010;16814016.36;22.09.2026;22.09.2026;30.09.2026;/epz/order/notice/ea20/view/common-info.html?regNumber=0131200001026006522
0318300083526000019;44-ФЗ;Запрос котировок в электронной форме;Подача заявок;Оказание услуг по организации шестиразового питания;ГОСУДАРСТВЕННОЕ БЮДЖЕТНОЕ ОБЩЕОБРАЗОВАТЕЛЬНОЕ УЧРЕЖДЕНИЕ КРАСНОДАРСКОГО КРАЯ ШКОЛА-ИНТЕРНАТ СПОРТИВНОГО ПРОФИЛЯ;03183000835;600000.0;22.09.2026;22.09.2026;29.09.2026;/epz/order/notice/zk20/view/common-info.html?regNumber=0318300083526000019
0355100002726000462;44-ФЗ;Закупка, осуществляемая в соответствии с частью 12 статьи 93 Закона № 44-ФЗ;Работа комиссии;;"ФЕДЕРАЛЬНОЕ ГОСУДАРСТВЕННОЕ БЮДЖЕТНОЕ УЧРЕЖДЕНИЕ ""ФЕДЕРАЛЬНЫЙ ЦЕНТР СЕРДЕЧНО-СОСУДИСТОЙ ХИРУРГИИ"" МИНИСТЕРСТВА ЗДРАВООХРАНЕНИЯ РОССИЙСКОЙ ФЕДЕРАЦИИ (Г. ПЕНЗА)";03551000027;1593900.0;22.09.2026;22.09.2026;;/epz/order/notice/ezt20/view/common-info.html?regNumber=0355100002726000462
0335200014926003165;44-ФЗ;Электронный аукцион;Определение поставщика завершено;на поставку лекарственных препаратов для медицинского применения (МНН: ЦЕФТАЗИДИМ);"ГОСУДАРСТВЕННОЕ КАЗЕННОЕ УЧРЕЖДЕНИЕ КАЛИНИНГРАДСКОЙ ОБЛАСТИ ""ЦЕНТР ОБЕСПЕЧЕНИЯ ОРГАНИЗАЦИИ И ПРОВЕДЕНИЯ ТОРГОВ""";03352000149;972000.0;07.09.2026;22.09.2026;18.09.2026;/epz/order/notice/ea20/view/common-info.html?regNumber=0335200014926003165
0335200014926003225;44-ФЗ;Электронный аукцион;Определение поставщика завершено;на поставку лекарственных препаратов для медицинского применения (МНН:МАЦИТЕНТАН);"ГОСУДАРСТВЕННОЕ КАЗЕННОЕ УЧРЕЖДЕНИЕ КАЛИНИНГРАДСКОЙ ОБЛАСТИ ""ЦЕНТР ОБЕСПЕЧЕНИЯ ОРГАНИЗАЦИИ И ПРОВЕДЕНИЯ ТОРГОВ""";03352000149;779768.64;10.09.2026;22.09.2026;22.09.2026;/epz/order/notice/ea20/view/common-info.html?regNumber=0335200014926003225
0372200023026000255;44-ФЗ;Закупка, осуществляемая в соответствии с частью 12 статьи 93 Закона № 44-ФЗ;Работа комиссии;;"САНКТ-ПЕТЕРБУРГСКОЕ ГОСУДАРСТВЕННОЕ БЮДЖЕТНОЕ УЧРЕЖДЕНИЕ ЗДРАВООХРАНЕНИЯ ""КЛИНИЧЕСКАЯ РЕВМАТОЛОГИЧЕСКАЯ БОЛЬНИЦА № 25"" ИМЕНИ В.А.НАСОНОВОЙ";03722000230;2359493.4;22.09.2026;22.09.2026;;/epz/order/notice/ezt20/view/common-info.html?regNumber=0372200023026000255
0310200000326003278;44-ФЗ;Электронный аукцион;Подача заявок;Оказание услуг по вывозу и утилизации медицинских отходов;УПРАВЛЕНИЕ РЕСПУБЛИКИ СЕВЕРНАЯ ОСЕТИЯ-АЛАНИЯ ПО ПРОВЕДЕНИЮ ЗАКУПОК ДЛЯ ГОСУДАРСТВЕННЫХ НУЖД;03102000003;250000.0;22.09.2026;22.09.2026;30.09.2026;/epz/order/notice/ea20/view/common-info.html?regNumber=0310200000326003278
0335200014926003212;44-ФЗ;Электронный аукцион;Определение поставщика завершено;на поставку лекарственных препаратов для медицинского применения ( МНН:НИНТЕДАНИБ);"ГОСУДАРСТВЕННОЕ КАЗЕННОЕ УЧРЕЖДЕНИЕ КАЛИНИНГРАДСКОЙ ОБЛАСТИ ""ЦЕНТР ОБЕСПЕЧЕНИЯ ОРГАНИЗАЦИИ И ПРОВЕДЕНИЯ ТОРГОВ""";03352000149;9262588.8;10.09.2026;22.09.2026;22.09.2026;/epz/order/notice/ea20/view/common-info.html?regNumber=0335200014926003212
0131200001026006521;44-ФЗ;Электронный аукцион;Подача заявок;2026-06947/ Приобретение 4 (четырех) жилых помещений (квартир) путем участия в долевом строительстве многоквартирных домов, расположенных в административных границах городских округов и муниципальных районов Воронежской области;МИНИСТЕРСТВО ПО РЕГУЛИРОВАНИЮ КОНТРАКТНОЙ СИСТЕМЫ В СФЕРЕ ЗАКУПОК ВОРОНЕЖСКОЙ ОБЛАСТИ;01312000010;16814016.36;22.09.2026;22.09.2026;30.09.2026;/epz/order/notice/ea20/view/common-info.html?regNumber=0131200001026006521
0373100025726000261;44-ФЗ;Электронный аукцион;Подача заявок;Выполнение обмерных, обследовательских работ и разработка проектно-сметной документации для капитального ремонта здания ФГБУН «ФИЦ питания и биотехнологии», расположенного по адресу: г. Москва, Устьинский проезд, д.2/14, стр.1.;ФЕДЕРАЛЬНОЕ ГОСУДАРСТВЕННОЕ БЮДЖЕТНОЕ УЧРЕЖДЕНИЕ НАУКИ ФЕДЕРАЛЬНЫЙ ИССЛЕДОВАТЕЛЬСКИЙ ЦЕНТР ПИТАНИЯ, БИОТЕХНОЛОГИИ И БЕЗОПАСНОСТИ ПИЩИ;03731000257;14956100.0;22.09.2026;22.09.2026;30.09.2026;/epz/order/notice/ea20/view/common-info.html?regNumber=0373100025726000261
0173100013426000025;44-ФЗ;Электронный аукцион;Определение поставщика завершено;Поставка канцелярских товаров;ГЛАВНОЕ УПРАВЛЕНИЕ МИНИСТЕРСТВА ЮСТИЦИИ РОССИЙСКОЙ ФЕДЕРАЦИИ ПО МОСКВЕ;01731000134;7333.7;14.09.2026;22.09.2026;22.09.2026;/epz/order/notice/ea20/view/common-info.html?regNumber=0173100013426000025
0131200001026006294;44-ФЗ;Электронный аукцион;Подача заявок;2026-06555/ Устройство двух гостевых домиков для людей с ограниченными возможностями здоровья;МИНИСТЕРСТВО ПО РЕГУЛИРОВАНИЮ КОНТРАКТНОЙ СИСТЕМЫ В СФЕРЕ ЗАКУПОК ВОРОНЕЖСКОЙ ОБЛАСТИ;01312000010;15476125.42;15.09.2026;22.09.2026;30.09.2026;/epz/order/notice/ea20/view/common-info.html?regNumber=0131200001026006294
0374400000526000041;44-ФЗ;Электронный аукцион;Определение поставщика отменено;на оказание услуг по организации выставки «Море не волнуется»;"ФЕДЕРАЛЬНОЕ ГОСУДАРСТВЕННОЕ БЮДЖЕТНОЕ УЧРЕЖДЕНИЕ КУЛЬТУРЫ ""РОССИЙСКАЯ ГОСУДАРСТВЕННАЯ ХУДОЖЕСТВЕННАЯ ГАЛЕРЕЯ""";03744000005;39870000.0;01.09.2026;22.09.2026;09.09.2026;/epz/order/notice/ea20/view/common-info.html?regNumber=0374400000526000041
0151300050826000008;44-ФЗ;Электронный аукцион;Подача заявок;Работы по содержанию в зимний период автомобильных дорог в населённых пунктах Раздольненского сельсовета Новосибирского района Новосибирской области;АДМИНИСТРАЦИЯ РАЗДОЛЬНЕНСКОГО СЕЛЬСОВЕТА НОВОСИБИРСКОГО РАЙОНА НОВОСИБИРСКОЙ ОБЛАСТИ;01513000508;4950000.0;22.09.2026;22.09.2026;30.09.2026;/epz/order/notice/ea20/view/common-info.html?regNumber=0151300050826000008
0373200033926000020;44-ФЗ;Электронный аукцион;Подача заявок;Оказание услуг по техническому обслуживанию раздвижных дверей;"ГОСУДАРСТВЕННОЕ БЮДЖЕТНОЕ УЧРЕЖДЕНИЕ ГОРОДА МОСКВЫ ДОМ СОЦИАЛЬНОГО ОБСЛУЖИВАНИЯ ""ОБРУЧЕВСКИЙ"" ДЕПАРТАМЕНТА ТРУДА И СОЦИАЛЬНОЙ ЗАЩИТЫ НАСЕЛЕНИЯ ГОРОДА МОСКВЫ";03732000339;3698537.43;22.09.2026;22.09.2026;30.09.2026;/epz/order/notice/ea20/view/common-info.html?regNumber=0373200033926000020
0372200124226000051;44-ФЗ;Запрос котировок в электронной форме;Подача заявок;Поставка комплекта для программирования мобильных роботов с применением искусственного интеллекта;"ГОСУДАРСТВЕННОЕ БЮДЖЕТНОЕ НЕТИПОВОЕ ОБРАЗОВАТЕЛЬНОЕ УЧРЕЖДЕНИЕ ""ПРЕЗИДЕНТСКИЙ ФИЗИКО-МАТЕМАТИЧЕСКИЙ ЛИЦЕЙ № 239""";03722001242;934666.7;22.09.2026;22.09.2026;29.09.2026;/epz/order/notice/zk20/view/common-info.html?regNumber=0372200124226000051
0372100049626002064;44-ФЗ;Запрос котировок в электронной форме;Определение поставщика завершено;Поставка контейнеров универсальных для транспортировки тары с образцами;"ФЕДЕРАЛЬНОЕ ГОСУДАРСТВЕННОЕ БЮДЖЕТНОЕ УЧРЕЖДЕНИЕ ""НАЦИОНАЛЬНЫЙ МЕДИЦИНСКИЙ ИССЛЕДОВАТЕЛЬСКИЙ ЦЕНТР ИМЕНИ В.А. АЛМАЗОВА"" МИНИСТЕРСТВА ЗДРАВООХРАНЕНИЯ РОССИЙСКОЙ ФЕДЕРАЦИИ";03721000496;5733.42;11.09.2026;22.09.2026;18.09.2026;/epz/order/notice/zk20/view/common-info.html?regNumber=0372100049626002064
0358600008226000002;44-ФЗ;Электронный аукцион;Подача заявок;Поставка автоматизированного комплекса для скрининг-оценки уровня физического развития, психофизиологического здоровья, функциональных и адаптивных резервов организма;"МУНИЦИПАЛЬНОЕ БЮДЖЕТНОЕ ДОШКОЛЬНОЕ ОБРАЗОВАТЕЛЬНОЕ УЧРЕЖДЕНИЕ ГОРОДА РОСТОВА-НА-ДОНУ ""ДЕТСКИЙ САД № 25""";03586000082;3811500.0;22.09.2026;22.09.2026;30.09.2026;/epz/order/notice/ea20/view/common-info.html?regNumber=0358600008226000002
0372100049626002051;44-ФЗ;Электронный аукцион;Определение поставщика завершено;Поставка снегоуборщика бензинового;"ФЕДЕРАЛЬНОЕ ГОСУДАРСТВЕННОЕ БЮДЖЕТНОЕ УЧРЕЖДЕНИЕ ""НАЦИОНАЛЬНЫЙ МЕДИЦИНСКИЙ ИССЛЕДОВАТЕЛЬСКИЙ ЦЕНТР ИМЕНИ В.А. АЛМАЗОВА"" МИНИСТЕРСТВА ЗДРАВООХРАНЕНИЯ РОССИЙСКОЙ ФЕДЕРАЦИИ";03721000496;47706.33;09.09.2026;22.09.2026;21.09.2026;/epz/order/notice/ea20/view/common-info.html?regNumber=0372100049626002051
0358200002626000087;44-ФЗ;Закупка, осуществляемая в соответствии с частью 12 статьи 93 Закона № 44-ФЗ;Работа комиссии;;"ГОСУДАРСТВЕННОЕ БЮДЖЕТНОЕ УЧРЕЖДЕНИЕ РОСТОВСКОЙ ОБЛАСТИ ""ПАТОЛОГО-АНАТОМИЧЕСКОЕ БЮРО""";03582000026;2738044.0;22.09.2026;22.09.2026;;/epz/order/notice/ezt20/view/common-info.html?regNumber=0358200002626000087
0372200023026000254;44-ФЗ;Закупка, осуществляемая в соответствии с частью 12 статьи 93 Закона № 44-ФЗ;Работа комиссии;;"САНКТ-ПЕТЕРБУРГСКОЕ ГОСУДАРСТВЕННОЕ БЮДЖЕТНОЕ УЧРЕЖДЕНИЕ ЗДРАВООХРАНЕНИЯ ""КЛИНИЧЕСКАЯ РЕВМАТОЛОГИЧЕСКАЯ БОЛЬНИЦА № 25"" ИМЕНИ В.А.НАСОНОВОЙ";03722000230;2722548.0;22.09.2026;22.09.2026;;/epz/order/notice/ezt20/view/common-info.html?regNumber=0372200023026000254
0333300035626000342;44-ФЗ;Запрос котировок в электронной форме;Подача заявок;Поставка изделий медицинского назначения (перчатки смотровые);"ОБЛАСТНОЕ БЮДЖЕТНОЕ УЧРЕЖДЕНИЕ ЗДРАВООХРАНЕНИЯ ""ГОРОДСКАЯ КЛИНИЧЕСКАЯ БОЛЬНИЦА №3 Г.ИВАНОВА""";03333000356;1000000.0;22.09.2026;22.09.2026;29.09.2026;/epz/order/notice/zk20/view/common-info.html?regNumber=0333300035626000342
0803200013326000019;44-ФЗ;Закупка, осуществляемая в соответствии с частью 12 статьи 93 Закона № 44-ФЗ;Работа комиссии;;"ГОСУДАРСТВЕННОЕ КАЗЕННОЕ УЧРЕЖДЕНИЕ РЕСПУБЛИКИ ДАГЕСТАН ""ДИРЕКЦИЯ ПО ПРОВЕДЕНИЮ И МАТЕРИАЛЬНОМУ ОБЕСПЕЧЕНИЮ СПОРТИВНЫХ МЕРОПРИЯТИЙ""";08032000133;327900.0;22.09.2026;22.09.2026;;/epz/order/notice/ezt20/view/common-info.html?regNumber=0803200013326000019
0817200000326013940;44-ФЗ;Электронный аукцион;Определение поставщика завершено;Поставка лекарственных препаратов для медицинского применения в 2027 году;"КРАЕВОЕ ГОСУДАРСТВЕННОЕ КАЗЕННОЕ УЧРЕЖДЕНИЕ ""ЦЕНТР ГОСУДАРСТВЕННЫХ ЗАКУПОК АЛТАЙСКОГО КРАЯ""";08172000003;21590.4;11.09.2026;22.09.2026;22.09.2026;/epz/order/notice/ea20/view/common-info.html?regNumber=0817200000326013940
0817200000326013853;44-ФЗ;Электронный аукцион;Определение поставщика завершено;Поставка лекарственного препарата для медицинского применения МНН: ДИФЕНГИДРАМИН;"КРАЕВОЕ ГОСУДАРСТВЕННОЕ КАЗЕННОЕ УЧРЕЖДЕНИЕ ""ЦЕНТР ГОСУДАРСТВЕННЫХ ЗАКУПОК АЛТАЙСКОГО КРАЯ""";08172000003;14310.0;10.09.2026;22.09.2026;22.09.2026;/epz/order/notice/ea20/view/common-info.html?regNumber=0817200000326013853
0817200000326013840;44-ФЗ;Электронный аукцион;Определение поставщика завершено;Поставка лекарственного препарата для медицинского применения Амиодарон;"КРАЕВОЕ ГОСУДАРСТВЕННОЕ КАЗЕННОЕ УЧРЕЖДЕНИЕ ""ЦЕНТР ГОСУДАРСТВЕННЫХ ЗАКУПОК АЛТАЙСКОГО КРАЯ""";08172000003;31266.0;10.09.2026;22.09.2026;22.09.2026;/epz/order/notice/ea20/view/common-info.html?regNumber=0817200000326013840
0318300498826000289;44-ФЗ;Закупка, осуществляемая в соответствии с частью 12 статьи 93 Закона № 44-ФЗ;Определение поставщика завершено;;"ГОСУДАРСТВЕННОЕ БЮДЖЕТНОЕ УЧРЕЖДЕНИЕ ЗДРАВООХРАНЕНИЯ ""РОДИЛЬНЫЙ ДОМ ГОРОДА КРАСНОДАРА"" МИНИСТЕРСТВА ЗДРАВООХРАНЕНИЯ КРАСНОДАРСКОГО КРАЯ";03183004988;176000.0;22.09.2026;22.09.2026;;/epz/order/notice/ezt20/view/common-info.html?regNumber=0318300498826000289
0317300181726000029;44-ФЗ;Закупка, осуществляемая в соответствии с частью 12 статьи 93 Закона № 44-ФЗ;Определение поставщика завершено;;"МУНИЦИПАЛЬНОЕ БЮДЖЕТНОЕ УЧРЕЖДЕНИЕ ДОПОЛНИТЕЛЬНОГО ОБРАЗОВАНИЯ ""КУЛУНДИНСКАЯ СПОРТИВНАЯ ШКОЛА"" МУНИЦИПАЛЬНОГО ОКРУГА КУЛУНДИНСКИЙ РАЙОН АЛТАЙСКОГО КРАЯ";03173001817;8250.0;21.09.2026;22.09.2026;;/epz/order/notice/ezt20/view/common-info.html?regNumber=0317300181726000029
0317300181726000025;44-ФЗ;Закупка, осуществляемая в соответствии с частью 12 статьи 93 Закона № 44-ФЗ;Определение поставщика завершено;;"МУНИЦИПАЛЬНОЕ БЮДЖЕТНОЕ УЧРЕЖДЕНИЕ ДОПОЛНИТЕЛЬНОГО ОБРАЗОВАНИЯ ""КУЛУНДИНСКАЯ СПОРТИВНАЯ ШКОЛА"" МУНИЦИПАЛЬНОГО ОКРУГА КУЛУНДИНСКИЙ РАЙОН АЛТАЙСКОГО КРАЯ";03173001817;10500.0;21.09.2026;22.09.2026;;/epz/order/notice/ezt20/view/common-info.html?regNumber=0317300181726000025
0317300181726000026;44-ФЗ;Закупка, осуществляемая в соответствии с частью 12 статьи 93 Закона № 44-ФЗ;Определение поставщика завершено;;"МУНИЦИПАЛЬНОЕ БЮДЖЕТНОЕ УЧРЕЖДЕНИЕ ДОПОЛНИТЕЛЬНОГО ОБРАЗОВАНИЯ ""КУЛУНДИНСКАЯ СПОРТИВНАЯ ШКОЛА"" МУНИЦИПАЛЬНОГО ОКРУГА КУЛУНДИНСКИЙ РАЙОН АЛТАЙСКОГО КРАЯ";03173001817;6900.0;21.09.2026;22.09.2026;;/epz/order/notice/ezt20/view/common-info.html?regNumber=0317300181726000026
0131200001026006520;44-ФЗ;Электронный аукцион;Подача заявок;"2026-06936**Поставка медицинского оборудования (систем мониторинга нескольких жизненно важных физиологических показателей, клинических) для обеспечения государственных нужд по строительству объекта: «Реконструкция приемного отделения №1 бюджетного учреждения здравоохранения Воронежской области ""Воронежская областная клиническая больница №1"" г. Воронеж, Московский пр-т,151»";МИНИСТЕРСТВО ПО РЕГУЛИРОВАНИЮ КОНТРАКТНОЙ СИСТЕМЫ В СФЕРЕ ЗАКУПОК ВОРОНЕЖСКОЙ ОБЛАСТИ;01312000010;9702000.0;22.09.2026;22.09.2026;01.10.2026;/epz/order/notice/ea20/view/common-info.html?regNumber=0131200001026006520
0333300035626000329;44-ФЗ;Запрос котировок в электронной форме;Определение поставщика завершено;Поставка изделий медицинского назначения (перчатки смотровые);"ОБЛАСТНОЕ БЮДЖЕТНОЕ УЧРЕЖДЕНИЕ ЗДРАВООХРАНЕНИЯ ""ГОРОДСКАЯ КЛИНИЧЕСКАЯ БОЛЬНИЦА №3 Г.ИВАНОВА""";03333000356;1000000.0;11.09.2026;22.09.2026;18.09.2026;/epz/order/notice/zk20/view/common-info.html?regNumber=0333300035626000329
0351300161526000207;44-ФЗ;Запрос котировок в электронной форме;Подача заявок;Поставка одноразовых изделий медицинского назначения;"ГОСУДАРСТВЕННОЕ БЮДЖЕТНОЕ УЧРЕЖДЕНИЕ ЗДРАВООХРАНЕНИЯ НОВОСИБИРСКОЙ ОБЛАСТИ ""КЫШТОВСКАЯ ЦЕНТРАЛЬНАЯ РАЙОННАЯ БОЛЬНИЦА""";03513001615;59819.6;22.09.2026;22.09.2026;29.09.2026;/epz/order/notice/zk20/view/common-info.html?regNumber=0351300161526000207
0372200023026000253;44-ФЗ;Закупка, осуществляемая в соответствии с частью 12 статьи 93 Закона № 44-ФЗ;Работа комиссии;;"САНКТ-ПЕТЕРБУРГСКОЕ ГОСУДАРСТВЕННОЕ БЮДЖЕТНОЕ УЧРЕЖДЕНИЕ ЗДРАВООХРАНЕНИЯ ""КЛИНИЧЕСКАЯ РЕВМАТОЛОГИЧЕСКАЯ БОЛЬНИЦА № 25"" ИМЕНИ В.А.НАСОНОВОЙ";03722000230;143912.84;22.09.2026;22.09.2026;;/epz/order/notice/ezt20/view/common-info.html?regNumber=0372200023026000253
0310200000326003300;44-ФЗ;Запрос котировок в электронной форме;Подача заявок;Продукты питания (бобовые, мак.изд.);УПРАВЛЕНИЕ РЕСПУБЛИКИ СЕВЕРНАЯ ОСЕТИЯ-АЛАНИЯ ПО ПРОВЕДЕНИЮ ЗАКУПОК ДЛЯ ГОСУДАРСТВЕННЫХ НУЖД;03102000003;25767.5;22.09.2026;22.09.2026;29.09.2026;/epz/order/notice/zk20/view/common-info.html?regNumber=0310200000326003300
0859200001126011310;44-ФЗ;Электронный аукцион;Подача заявок;Оказание услуг по предоставлению лицензии на право использования операционной системы специального назначения «Astra Linux Special Edition»;"ГОСУДАРСТВЕННОЕ КАЗЕННОЕ УЧРЕЖДЕНИЕ РЯЗАНСКОЙ ОБЛАСТИ ""ЦЕНТР ЗАКУПОК РЯЗАНСКОЙ ОБЛАСТИ""";08592000011;536000.0;22.09.2026;22.09.2026;01.10.2026;/epz/order/notice/ea20/view/common-info.html?regNumber=0859200001126011310
0354300091226000031;44-ФЗ;Электронный аукцион;Определение поставщика завершено;Закупка пульпоэкстракторов;"БЮДЖЕТНОЕ УЧРЕЖДЕНИЕ ЗДРАВООХРАНЕНИЯ ОРЛОВСКОЙ ОБЛАСТИ ""ДЕТСКАЯ СТОМАТОЛОГИЧЕСКАЯ ПОЛИКЛИНИКА""";03543000912;126750.0;10.09.2026;22.09.2026;18.09.2026;/epz/order/notice/ea20/view/common-info.html?regNumber=0354300091226000031
0372200023026000252;44-ФЗ;Закупка, осуществляемая в соответствии с частью 12 статьи 93 Закона № 44-ФЗ;Работа комиссии;;"САНКТ-ПЕТЕРБУРГСКОЕ ГОСУДАРСТВЕННОЕ БЮДЖЕТНОЕ УЧРЕЖДЕНИЕ ЗДРАВООХРАНЕНИЯ ""КЛИНИЧЕСКАЯ РЕВМАТОЛОГИЧЕСКАЯ БОЛЬНИЦА № 25"" ИМЕНИ В.А.НАСОНОВОЙ";03722000230;243560.8;22.09.2026;22.09.2026;;/epz/order/notice/ezt20/view/common-info.html?regNumber=0372200023026000252
0879500000126000048;44-ФЗ;Электронный аукцион;Подача заявок;Топливо дизельное зимнее экологического класса К5 для котельной на 2026г.;"РЕСПУБЛИКАНСКОЕ ГОСУДАРСТВЕННОЕ БЮДЖЕТНОЕ ЛЕЧЕБНО-ПРОФИЛАКТИЧЕСКОЕ УЧРЕЖДЕНИЕ ""РЕСПУБЛИКАНСКАЯ ПСИХИАТРИЧЕСКАЯ БОЛЬНИЦА""";08795000001;1907040.0;22.09.2026;22.09.2026;30.09.2026;/epz/order/notice/ea20/view/common-info.html?regNumber=0879500000126000048
0319200044426000043;44-ФЗ;Запрос котировок в электронной форме;Подача заявок;Поставка продуктов питания (Макаронные изделия группы В);"КРАЕВОЕ ГОСУДАРСТВЕННОЕ БЮДЖЕТНОЕ УЧРЕЖДЕНИЕ СОЦИАЛЬНОГО ОБСЛУЖИВАНИЯ ""ЦЕНТР СОЦИАЛЬНОГО ОБСЛУЖИВАНИЯ НАСЕЛЕНИЯ""";03192000444;38635.52;22.09.2026;22.09.2026;30.09.2026;/epz/order/notice/zk20/view/common-info.html?regNumber=0319200044426000043
0377200009826000090;44-ФЗ;Закупка, осуществляемая в соответствии с частью 12 статьи 93 Закона № 44-ФЗ;Определение поставщика завершено;;"КАЗЕННОЕ УЧРЕЖДЕНИЕ ЗДРАВООХРАНЕНИЯ РЕСПУБЛИКИ АЛТАЙ ""ПРОТИВОТУБЕРКУЛЕЗНЫЙ ДИСПАНСЕР""";03772000098;68919.6;22.09.2026;22.09.2026;;/epz/order/notice/ezt20/view/common-info.html?regNumber=0377200009826000090
0335200014926003487;44-ФЗ;Электронный аукцион на проведение работ по строительству, реконструкции, кап. ремонту, сносу объекта кап. строительства в соответствии с п. 8 ч. 1 ст. 33 Закона № 44-ФЗ;Подача заявок;"Выполнение работ по объекту: Капитальный ремонт стационарной электрифицированной осушительной насосной станции №18а в муниципальном образовании ""Славский муниципальный округ"" кад. №39:12:040201:347";"ГОСУДАРСТВЕННОЕ КАЗЕННОЕ УЧРЕЖДЕНИЕ КАЛИНИНГРАДСКОЙ ОБЛАСТИ ""ЦЕНТР ОБЕСПЕЧЕНИЯ ОРГАНИЗАЦИИ И ПРОВЕДЕНИЯ ТОРГОВ""";03352000149;6434473.6;22.09.2026;22.09.2026;01.10.2026;/epz/order/notice/ea20/view/common-info.html?regNumber=0335200014926003487
0335400002526000062;44-ФЗ;Запрос котировок в электронной форме;Определение поставщика завершено;Поставка масла компрессорного для СТМ «Атлантида»;"АТЛАНТИЧЕСКИЙ ФИЛИАЛ ФЕДЕРАЛЬНОГО ГОСУДАРСТВЕННОГО БЮДЖЕТНОГО НАУЧНОГО УЧРЕЖДЕНИЯ ""ВСЕРОССИЙСКИЙ НАУЧНО-ИССЛЕДОВАТЕЛЬСКИЙ ИНСТИТУТ РЫБНОГО ХОЗЯЙСТВА И ОКЕАНОГРАФИИ""";03354000025;241499.79;15.09.2026;22.09.2026;22.09.2026;/epz/order/notice/zk20/view/common-info.html?regNumber=0335400002526000062
0336300020126000120;44-ФЗ;Закупка, осуществляемая в соответствии с частью 12 статьи 93 Закона № 44-ФЗ;Определение поставщика завершено;;"ГОСУДАРСТВЕННОЕ БЮДЖЕТНОЕ УЧРЕЖДЕНИЕ ЗДРАВООХРАНЕНИЯ ТВЕРСКОЙ ОБЛАСТИ ""ВЫШНЕВОЛОЦКАЯ ЦЕНТРАЛЬНАЯ РАЙОННАЯ БОЛЬНИЦА""";03363000201;4929429.41;22.09.2026;22.09.2026;;/epz/order/notice/ezt20/view/common-info.html?regNumber=0336300020126000120
0131200001026006519;44-ФЗ;Запрос котировок в электронной форме;Подача заявок;2026-05891/ Оказание услуг по огнезащитной обработке деревянных конструкций чердачных помещений;МИНИСТЕРСТВО ПО РЕГУЛИРОВАНИЮ КОНТРАКТНОЙ СИСТЕМЫ В СФЕРЕ ЗАКУПОК ВОРОНЕЖСКОЙ ОБЛАСТИ;01312000010;211649.83;22.09.2026;22.09.2026;29.09.2026;/epz/order/notice/zk20/view/common-info.html?regNumber=0131200001026006519
0142200001326017662;44-ФЗ;Запрос котировок в электронной форме;Определение поставщика отменено;Поставка медицинских изделий: Периметр автоматический;КОМИТЕТ ПО ОРГАНИЗАЦИИ ТОРГОВ САМАРСКОЙ ОБЛАСТИ;01422000013;6210000.0;17.09.2026;22.09.2026;24.09.2026;/epz/order/notice/zk20/view/common-info.html?regNumber=0142200001326017662
0131200001026006518;44-ФЗ;Электронный аукцион;Подача заявок;2026-06683/ Поставка продуктов питания (морепродукты);МИНИСТЕРСТВО ПО РЕГУЛИРОВАНИЮ КОНТРАКТНОЙ СИСТЕМЫ В СФЕРЕ ЗАКУПОК ВОРОНЕЖСКОЙ ОБЛАСТИ;01312000010;767700.0;22.09.2026;22.09.2026;30.09.2026;/epz/order/notice/ea20/view/common-info.html?regNumber=0131200001026006518
0301300081526000165;44-ФЗ;Электронный аукцион;Определение поставщика завершено;Поставка расходных материалов для клинико-диагностической лаборатории;ГОСУДАРСТВЕННОЕ БЮДЖЕТНОЕ УЧРЕЖДЕНИЕ ЗДРАВООХРАНЕНИЯ РЕСПУБЛИКИ БАШКОРТОСТАН ЧИШМИНСКАЯ ЦЕНТРАЛЬНАЯ РАЙОННАЯ БОЛЬНИЦА;03013000815;814282.0;11.09.2026;22.09.2026;21.09.2026;/epz/order/notice/ea20/view/common-info.html?regNumber=0301300081526000165
0310200000326003298;44-ФЗ;Запрос котировок в электронной форме;Подача заявок;Продукты питания (овощи);УПРАВЛЕНИЕ РЕСПУБЛИКИ СЕВЕРНАЯ ОСЕТИЯ-АЛАНИЯ ПО ПРОВЕДЕНИЮ ЗАКУПОК ДЛЯ ГОСУДАРСТВЕННЫХ НУЖД;03102000003;260597.6;22.09.2026;22.09.2026;29.09.2026;/epz/order/notice/zk20/view/common-info.html?regNumber=0310200000326003298
0318300498826000288;44-ФЗ;Закупка, осуществляемая в соответствии с частью 12 статьи 93 Закона № 44-ФЗ;Определение поставщика завершено;;"ГОСУДАРСТВЕННОЕ БЮДЖЕТНОЕ УЧРЕЖДЕНИЕ ЗДРАВООХРАНЕНИЯ ""РОДИЛЬНЫЙ ДОМ ГОРОДА КРАСНОДАРА"" МИНИСТЕРСТВА ЗДРАВООХРАНЕНИЯ КРАСНОДАРСКОГО КРАЯ";03183004988;80000.0;22.09.2026;22.09.2026;;/epz/order/notice/ezt20/view/common-info.html?regNumber=0318300498826000288
0363500001526000064;44-ФЗ;Закупка, осуществляемая в соответствии с частью 12 статьи 93 Закона № 44-ФЗ;Работа комиссии;;"СМОЛЕНСКОЕ ОБЛАСТНОЕ ГОСУДАРСТВЕННОЕ БЮДЖЕТНОЕ УЧРЕЖДЕНИЕ ""ДЕТСКИЙ ОЗДОРОВИТЕЛЬНЫЙ ЦЕНТР ПАТРИОТИЧЕСКОГО ВОСПИТАНИЯ ""ОРЛЕНОК""";03635000015;50000.0;22.09.2026;22.09.2026;;/epz/order/notice/ezt20/view/common-info.html?regNumber=0363500001526000064
0342200040126000036;44-ФЗ;Запрос котировок в электронной форме;Подача заявок;"Оказание услуг по организации и проведению очного этапа Конкурса по присуждению премии в области развития профессионального образования в Самарской области «Студент года 2026» для нужд государственного бюджетного учреждения Самарской области ""Агентство по реализации молодежной политики""";"ГОСУДАРСТВЕННОЕ БЮДЖЕТНОЕ УЧРЕЖДЕНИЕ САМАРСКОЙ ОБЛАСТИ ""АГЕНТСТВО ПО РЕАЛИЗАЦИИ МОЛОДЕЖНОЙ ПОЛИТИКИ""";03422000401;359162.47;22.09.2026;22.09.2026;29.09.2026;/epz/order/notice/zk20/view/common-info.html?regNumber=0342200040126000036
0317100017026000097;44-ФЗ;Электронный аукцион;Определение поставщика завершено;Поставка строительных материалов;"ФЕДЕРАЛЬНОЕ КАЗЕННОЕ УЧРЕЖДЕНИЕ ""ЛЕЧЕБНОЕ ИСПРАВИТЕЛЬНОЕ УЧРЕЖДЕНИЕ № 8 УПРАВЛЕНИЯ ФЕДЕРАЛЬНОЙ СЛУЖБЫ ИСПОЛНЕНИЯ НАКАЗАНИЙ ПО АЛТАЙСКОМУ КРАЮ""";03171000170;48890.15;09.09.2026;22.09.2026;18.09.2026;/epz/order/notice/ea20/view/common-info.html?regNumber=0317100017026000097
0346100000426000040;44-ФЗ;Запрос котировок в электронной форме;Определение поставщика завершено;Кабель СИП-4 4х25;"ФЕДЕРАЛЬНОЕ КАЗЕННОЕ УЧРЕЖДЕНИЕ ""ИСПРАВИТЕЛЬНАЯ КОЛОНИЯ № 4 УПРАВЛЕНИЯ ФЕДЕРАЛЬНОЙ СЛУЖБЫ ИСПОЛНЕНИЯ НАКАЗАНИЙ ПО ЛИПЕЦКОЙ ОБЛАСТИ""";03461000004;45726.3;10.09.2026;22.09.2026;18.09.2026;/epz/order/notice/zk20/view/common-info.html?regNumber=0346100000426000040
0360300298226000087;44-ФЗ;Открытый конкурс в электронной форме на проведение работ по строительству, реконструкции, кап. ремонту, сносу объекта кап. строительства в соответствии с п. 8 ч. 1 ст. 33 Закона № 44-ФЗ;Определение поставщика завершено;Выполнение работ по подготовке проектной документации и (или) выполнение инженерных изысканий, выполнение работ по строительству и вводу в эксплуатацию объекта капитального строительства: «Многоквартирный жилой дом по адресу: г. Саратов, проезд Больничный, д.4»;"МУНИЦИПАЛЬНОЕ КАЗЕННОЕ УЧРЕЖДЕНИЕ ""КАПИТАЛЬНОЕ СТРОИТЕЛЬСТВО""";03603002982;898981833.82;25.08.2026;22.09.2026;18.09.2026;/epz/order/notice/ok20/view/common-info.html?regNumber=0360300298226000087
0860200000826007832;44-ФЗ;Электронный аукцион;Подача заявок;Оказание услуги по ремонту видеоколоноскопа Пентакс ЕС с принадлежностями;"ГОСУДАРСТВЕННОЕ КАЗЕННОЕ УЧРЕЖДЕНИЕ САРАТОВСКОЙ ОБЛАСТИ ""ГОСУДАРСТВЕННОЕ АГЕНТСТВО ПО ЦЕНТРАЛИЗАЦИИ ЗАКУПОК""";08602000008;240800.0;22.09.2026;22.09.2026;30.09.2026;/epz/order/notice/ea20/view/common-info.html?regNumber=0860200000826007832
0360300298226000086;44-ФЗ;Открытый конкурс в электронной форме на проведение работ по строительству, реконструкции, кап. ремонту, сносу объекта кап. строительства в соответствии с п. 8 ч. 1 ст. 33 Закона № 44-ФЗ;Определение поставщика завершено;Выполнение работ по подготовке проектной документации и (или) выполнение инженерных изысканий, выполнение работ по строительству и вводу в эксплуатацию объекта капитального строительства: «Многоквартирный жилой дом по адресу: г. Саратов, ул. им. Азина В.М., б/н в Заводском районе»;"МУНИЦИПАЛЬНОЕ КАЗЕННОЕ УЧРЕЖДЕНИЕ ""КАПИТАЛЬНОЕ СТРОИТЕЛЬСТВО""";03603002982;306069832.64;25.08.2026;22.09.2026;18.09.2026;/epz/order/notice/ok20/view/common-info.html?regNumber=0360300298226000086
0387200008526000233;44-ФЗ;Запрос котировок в электронной форме;Определение поставщика завершено;Поставка медицинских изделий (Анализатор идентификации микроорганизмов/чувствительности микроорганизмов к антимикробным препаратам ИВД) для объекта: «Бюджетное учреждение Ханты-Мансийского автономного округа-Югры «Югорская городская больница» Терапевтическое отделение поликлиники»;"КАЗЕННОЕ УЧРЕЖДЕНИЕ ХАНТЫ-МАНСИЙСКОГО АВТОНОМНОГО ОКРУГА - ЮГРЫ ""УПРАВЛЕНИЕ КАПИТАЛЬНОГО СТРОИТЕЛЬСТВА""";03872000085;7491600.0;14.09.2026;22.09.2026;21.09.2026;/epz/order/notice/zk20/view/common-info.html?regNumber=0387200008526000233
0335400002526000063;44-ФЗ;Запрос котировок в электронной форме;Определение поставщика завершено;Поставка продуктов питания (сухофрукты, печенье, джем, горох консервированный) для снабжения СТМ «Атлантида»;"АТЛАНТИЧЕСКИЙ ФИЛИАЛ ФЕДЕРАЛЬНОГО ГОСУДАРСТВЕННОГО БЮДЖЕТНОГО НАУЧНОГО УЧРЕЖДЕНИЯ ""ВСЕРОССИЙСКИЙ НАУЧНО-ИССЛЕДОВАТЕЛЬСКИЙ ИНСТИТУТ РЫБНОГО ХОЗЯЙСТВА И ОКЕАНОГРАФИИ""";03354000025;90000.86;15.09.2026;22.09.2026;22.09.2026;/epz/order/notice/zk20/view/common-info.html?regNumber=0335400002526000063
0336300020126000116;44-ФЗ;Закупка, осуществляемая в соответствии с частью 12 статьи 93 Закона № 44-ФЗ;Определение поставщика завершено;;"ГОСУДАРСТВЕННОЕ БЮДЖЕТНОЕ УЧРЕЖДЕНИЕ ЗДРАВООХРАНЕНИЯ ТВЕРСКОЙ ОБЛАСТИ ""ВЫШНЕВОЛОЦКАЯ ЦЕНТРАЛЬНАЯ РАЙОННАЯ БОЛЬНИЦА""";03363000201;2896502.67;22.09.2026;22.09.2026;;/epz/order/notice/ezt20/view/common-info.html?regNumber=0336300020126000116
0366200035626006041;44-ФЗ;Электронный аукцион;Подача заявок;Оказание услуг по передаче неисключительных прав (лицензии) на использование программного обеспечения и установочных комплектов;"ГОСУДАРСТВЕННОЕ КАЗЕННОЕ УЧРЕЖДЕНИЕ ТУЛЬСКОЙ ОБЛАСТИ ""ЦЕНТР ОРГАНИЗАЦИИ ЗАКУПОК""";03662000356;3904014.0;22.09.2026;22.09.2026;30.09.2026;/epz/order/notice/ea20/view/common-info.html?regNumber=0366200035626006041
0372100005526000038;44-ФЗ;Закупка, осуществляемая в соответствии с частью 12 статьи 93 Закона № 44-ФЗ;Работа комиссии;;"ФЕДЕРАЛЬНОЕ ГОСУДАРСТВЕННОЕ БЮДЖЕТНОЕ УЧРЕЖДЕНИЕ ""МЕЖВУЗОВСКИЙ СТУДЕНЧЕСКИЙ ГОРОДОК В САНКТ-ПЕТЕРБУРГЕ""";03721000055;3728319.96;22.09.2026;22.09.2026;;/epz/order/notice/ezt20/view/common-info.html?regNumber=0372100005526000038
0318300543226000017;44-ФЗ;Закупка, осуществляемая в соответствии с частью 12 статьи 93 Закона № 44-ФЗ;Работа комиссии;;"МУНИЦИПАЛЬНОЕ БЮДЖЕТНОЕ УЧРЕЖДЕНИЕ ""СЛУЖБА СПАСЕНИЯ"" МУНИЦИПАЛЬНОГО ОБРАЗОВАНИЯ ГОРОД-КУРОРТ АНАПА";03183005432;22350.0;22.09.2026;22.09.2026;;/epz/order/notice/ezt20/view/common-info.html?regNumber=0318300543226000017
0335200001726000032;44-ФЗ;Закупка, осуществляемая в соответствии с частью 12 статьи 93 Закона № 44-ФЗ;Работа комиссии;;"ГОСУДАРСТВЕННОЕ БЮДЖЕТНОЕ УЧРЕЖДЕНИЕ КАЛИНИНГРАДСКОЙ ОБЛАСТИ ОБЩЕОБРАЗОВАТЕЛЬНАЯ ОРГАНИЗАЦИЯ ДЛЯ ОБУЧАЮЩИХСЯ, НУЖДАЮЩИХСЯ В ДЛИТЕЛЬНОМ ЛЕЧЕНИИ И ОЗДОРОВЛЕНИИ, ""САНАТОРНАЯ ШКОЛА-ИНТЕРНАТ""";03352000017;349000.0;22.09.2026;22.09.2026;;/epz/order/notice/ezt20/view/common-info.html?regNumber=0335200001726000032
0600600030626000002;44-ФЗ;Электронный аукцион;Подача заявок;Рукава пожарные напорные прорезиненные из синтетических нитей;"МУНИЦИПАЛЬНОЕ УНИТАРНОЕ ПРЕДПРИЯТИЕ АДМИНИСТРАЦИИ ГОРОДСКОГО ОКРУГА ДОНЕЦК ДОНЕЦКОЙ НАРОДНОЙ РЕСПУБЛИКИ ""ДОРОЖНОЕ РЕМОНТНО-СТРОИТЕЛЬНОЕ УПРАВЛЕНИЕ""";06006000306;60259.24;22.09.2026;22.09.2026;30.09.2026;/epz/order/notice/ea20/view/common-info.html?regNumber=0600600030626000002
0326300002126000018;44-ФЗ;Закупка, осуществляемая в соответствии с частью 12 статьи 93 Закона № 44-ФЗ;Определение поставщика завершено;;"МУНИЦИПАЛЬНОЕ БЮДЖЕТНОЕ УЧРЕЖДЕНИЕ ""УПРАВЛЕНИЕ БЕЛГОРБЛАГОУСТРОЙСТВО""";03263000021;644000.0;22.09.2026;22.09.2026;;/epz/order/notice/ezt20/view/common-info.html?regNumber=0326300002126000018
0317100017026000096;44-ФЗ;Электронный аукцион;Определение поставщика завершено;Поставка строительных материалов;"ФЕДЕРАЛЬНОЕ КАЗЕННОЕ УЧРЕЖДЕНИЕ ""ЛЕЧЕБНОЕ ИСПРАВИТЕЛЬНОЕ УЧРЕЖДЕНИЕ № 8 УПРАВЛЕНИЯ ФЕДЕРАЛЬНОЙ СЛУЖБЫ ИСПОЛНЕНИЯ НАКАЗАНИЙ ПО АЛТАЙСКОМУ КРАЮ""";03171000170;103320.8;09.09.2026;22.09.2026;18.09.2026;/epz/order/notice/ea20/view/common-info.html?regNumber=0317100017026000096
0335400002526000065;44-ФЗ;Запрос котировок в электронной форме;Определение поставщика завершено;Поставка продуктов питания для снабжения СТМ «Атлантида»;"АТЛАНТИЧЕСКИЙ ФИЛИАЛ ФЕДЕРАЛЬНОГО ГОСУДАРСТВЕННОГО БЮДЖЕТНОГО НАУЧНОГО УЧРЕЖДЕНИЯ ""ВСЕРОССИЙСКИЙ НАУЧНО-ИССЛЕДОВАТЕЛЬСКИЙ ИНСТИТУТ РЫБНОГО ХОЗЯЙСТВА И ОКЕАНОГРАФИИ""";03354000025;844989.54;15.09.2026;22.09.2026;22.09.2026;/epz/order/notice/zk20/view/common-info.html?regNumber=0335400002526000065
0366200035626006040;44-ФЗ;Электронный аукцион;Подача заявок;Поставка запасных частей для медицинского оборудования в ГУЗ ТО «Тульская областная клиническая больница»;"ГОСУДАРСТВЕННОЕ КАЗЕННОЕ УЧРЕЖДЕНИЕ ТУЛЬСКОЙ ОБЛАСТИ ""ЦЕНТР ОРГАНИЗАЦИИ ЗАКУПОК""";03662000356;182000.0;22.09.2026;22.09.2026;30.09.2026;/epz/order/notice/ea20/view/common-info.html?regNumber=0366200035626006040
0375200050226000158;44-ФЗ;Электронный аукцион;Подача заявок;Шкаф для сушки и хранения эндоскопов;"ГОСУДАРСТВЕННОЕ БЮДЖЕТНОЕ УЧРЕЖДЕНИЕ ЗДРАВООХРАНЕНИЯ РЕСПУБЛИКИ КРЫМ ""БЕЛОГОРСКАЯ ЦЕНТРАЛЬНАЯ РАЙОННАЯ БОЛЬНИЦА""";03752000502;1969933.33;22.09.2026;22.09.2026;30.09.2026;/epz/order/notice/ea20/view/common-info.html?regNumber=0375200050226000158
0372200061626000043;44-ФЗ;Запрос котировок в электронной форме;Определение поставщика завершено;Поставка гобеленовых покрывал;"САНКТ-ПЕТЕРБУРГСКОЕ ГОСУДАРСТВЕННОЕ КАЗЕННОЕ УЧРЕЖДЕНИЕ ""ЦЕНТР УЧЕТА И СОЦИАЛЬНОГО ОБСЛУЖИВАНИЯ ГРАЖДАН РОССИЙСКОЙ ФЕДЕРАЦИИ БЕЗ ОПРЕДЕЛЕННОГО МЕСТА ЖИТЕЛЬСТВА""";03722000616;139858.5;14.09.2026;22.09.2026;21.09.2026;/epz/order/notice/zk20/view/common-info.html?regNumber=0372200061626000043
0373100001026000689;44-ФЗ;Запрос котировок в электронной форме;Определение поставщика завершено;Поставка комплектующих для вычислительной техники;"ФЕДЕРАЛЬНОЕ ГОСУДАРСТВЕННОЕ БЮДЖЕТНОЕ УЧРЕЖДЕНИЕ ""НАЦИОНАЛЬНЫЙ ИССЛЕДОВАТЕЛЬСКИЙ ЦЕНТР ""КУРЧАТОВСКИЙ ИНСТИТУТ""";03731000010;4114236.61;10.09.2026;22.09.2026;18.09.2026;/epz/order/notice/zk20/view/common-info.html?regNumber=0373100001026000689
0391100001226000014;44-ФЗ;Электронный аукцион;Определение поставщика завершено;Услуги по охране учебного комплекса ЗабИЖТ ИрГУПС;"ЗАБАЙКАЛЬСКИЙ ИНСТИТУТ ЖЕЛЕЗНОДОРОЖНОГО ТРАНСПОРТА - ФИЛИАЛ ФЕДЕРАЛЬНОГО ГОСУДАРСТВЕННОГО БЮДЖЕТНОГО ОБРАЗОВАТЕЛЬНОГО УЧРЕЖДЕНИЯ ВЫСШЕГО ОБРАЗОВАНИЯ ""ИРКУТСКИЙ ГОСУДАРСТВЕННЫЙ УНИВЕРСИТЕТ ПУТЕЙ СООБЩЕНИЯ""";03911000012;9171711.0;11.09.2026;22.09.2026;21.09.2026;/epz/order/notice/ea20/view/common-info.html?regNumber=0391100001226000014
0337400000726001078;44-ФЗ;Запрос котировок в электронной форме;Определение поставщика завершено;Поставка дизельного топлива;"МЕДИЦИНСКИЙ РАДИОЛОГИЧЕСКИЙ НАУЧНЫЙ ЦЕНТР ИМЕНИ А.Ф. ЦЫБА - ФИЛИАЛ ФЕДЕРАЛЬНОГО ГОСУДАРСТВЕННОГО БЮДЖЕТНОГО УЧРЕЖДЕНИЯ ""НАЦИОНАЛЬНЫЙ МЕДИЦИНСКИЙ ИССЛЕДОВАТЕЛЬСКИЙ ЦЕНТР РАДИОЛОГИИ"" МИНИСТЕРСТВА ЗДРАВООХРАНЕНИЯ РОССИЙСКОЙ ФЕДЕРАЦИИ";03374000007;300000.0;14.09.2026;22.09.2026;21.09.2026;/epz/order/notice/zk20/view/common-info.html?regNumber=0337400000726001078
0335400002526000064;44-ФЗ;Запрос котировок в электронной форме;Определение поставщика завершено;Поставка продуктов питания (мясо, рыба) для снабжения СТМ «Атлантида»;"АТЛАНТИЧЕСКИЙ ФИЛИАЛ ФЕДЕРАЛЬНОГО ГОСУДАРСТВЕННОГО БЮДЖЕТНОГО НАУЧНОГО УЧРЕЖДЕНИЯ ""ВСЕРОССИЙСКИЙ НАУЧНО-ИССЛЕДОВАТЕЛЬСКИЙ ИНСТИТУТ РЫБНОГО ХОЗЯЙСТВА И ОКЕАНОГРАФИИ""";03354000025;583763.34;15.09.2026;22.09.2026;22.09.2026;/epz/order/notice/zk20/view/common-info.html?regNumber=0335400002526000064
0173100013426000024;44-ФЗ;Электронный аукцион;Определение поставщика завершено;Поставка лестницы-стремянки;ГЛАВНОЕ УПРАВЛЕНИЕ МИНИСТЕРСТВА ЮСТИЦИИ РОССИЙСКОЙ ФЕДЕРАЦИИ ПО МОСКВЕ;01731000134;7571.67;14.09.2026;22.09.2026;22.09.2026;/epz/order/notice/ea20/view/common-info.html?regNumber=0173100013426000024
0173100013426000026;44-ФЗ;Электронный аукцион;Определение поставщика завершено;Оказание услуг по комплексной экспертизе;ГЛАВНОЕ УПРАВЛЕНИЕ МИНИСТЕРСТВА ЮСТИЦИИ РОССИЙСКОЙ ФЕДЕРАЦИИ ПО МОСКВЕ;01731000134;24953.99;14.09.2026;22.09.2026;22.09.2026;/epz/order/notice/ea20/view/common-info.html?regNumber=0173100013426000026
0826500000926003821;44-ФЗ;Электронный аукцион;Подача заявок;Оказание услуг по ремонту электронного и оптического оборудования: видеоколоноскопа Olympus CF-H170L №2026417 с заменой запасных частей;"ОБЛАСТНОЕ ГОСУДАРСТВЕННОЕ КАЗЕННОЕ УЧРЕЖДЕНИЕ БЕЛГОРОДСКОЙ ОБЛАСТИ ""ЦЕНТР ЗАКУПОК""";08265000009;513149.0;22.09.2026;22.09.2026;30.09.2026;/epz/order/notice/ea20/view/common-info.html?regNumber=0826500000926003821
0860200000826007751;44-ФЗ;Электронный аукцион;Определение поставщика отменено;Оказание услуг по вывозу, обезвреживанию и утилизации медицинских отходов класса «Б»;"ГОСУДАРСТВЕННОЕ КАЗЕННОЕ УЧРЕЖДЕНИЕ САРАТОВСКОЙ ОБЛАСТИ ""ГОСУДАРСТВЕННОЕ АГЕНТСТВО ПО ЦЕНТРАЛИЗАЦИИ ЗАКУПОК""";08602000008;100000.0;17.09.2026;22.09.2026;25.09.2026;/epz/order/notice/ea20/view/common-info.html?regNumber=0860200000826007751
0302100000926000055;44-ФЗ;Запрос котировок в электронной форме;Определение поставщика завершено;"Текущий ремонт подъемно-секционных ворот на объекте ""Здание"", по адресу: Российская Федерация, Республика Бурятия, г.о. город Улан-Удэ, г. Улан-Удэ, ул Димитрова, д. 5";ГЛАВНОЕ УПРАВЛЕНИЕ МИНИСТЕРСТВА РОССИЙСКОЙ ФЕДЕРАЦИИ ПО ДЕЛАМ ГРАЖДАНСКОЙ ОБОРОНЫ, ЧРЕЗВЫЧАЙНЫМ СИТУАЦИЯМ И ЛИКВИДАЦИИ ПОСЛЕДСТВИЙ СТИХИЙНЫХ БЕДСТВИЙ ПО РЕСПУБЛИКЕ БУРЯТИЯ;03021000009;146695.72;14.09.2026;22.09.2026;21.09.2026;/epz/order/notice/zk20/view/common-info.html?regNumber=0302100000926000055
0318300166226000217;44-ФЗ;Электронный аукцион;Подача заявок;Монтаж системы оповещения и управления эвакуацией в педиатрическом корпусе ГБУЗ «ЦРБ Апшеронского района» МЗ КК по адресу: г. Апшеронск, ул. Социалистическая 1;"ГОСУДАРСТВЕННОЕ БЮДЖЕТНОЕ УЧРЕЖДЕНИЕ ЗДРАВООХРАНЕНИЯ ""ЦЕНТРАЛЬНАЯ РАЙОННАЯ БОЛЬНИЦА АПШЕРОНСКОГО РАЙОНА"" МИНИСТЕРСТВА ЗДРАВООХРАНЕНИЯ КРАСНОДАРСКОГО КРАЯ";03183001662;569279.93;22.09.2026;22.09.2026;30.09.2026;/epz/order/notice/ea20/view/common-info.html?regNumber=0318300166226000217
0373200163826000024;44-ФЗ;Электронный аукцион;Подача заявок;Поставка цветочной продукции в рамках проводимых мероприятий ГБУ города Москвы «Мосволонтёр»;"ГОСУДАРСТВЕННОЕ БЮДЖЕТНОЕ УЧРЕЖДЕНИЕ ГОРОДА МОСКВЫ ""РЕСУРСНЫЙ ЦЕНТР ПО РАЗВИТИЮ И ПОДДЕРЖКЕ ВОЛОНТЁРСКОГО ДВИЖЕНИЯ ""МОСВОЛОНТЁР""";03732001638;2548619.6;22.09.2026;22.09.2026;30.09.2026;/epz/order/notice/ea20/view/common-info.html?regNumber=0373200163826000024
0335300004326000067;44-ФЗ;Запрос котировок в электронной форме;Подача заявок;Выполнение работ по текущему ремонту проезжей части в виде выбоин автомобильной дороги по адресу: п. Садовое, ул. Мостовая, Озерский район, Калининградской области;"АДМИНИСТРАЦИЯ МУНИЦИПАЛЬНОГО ОБРАЗОВАНИЯ ""ОЗЕРСКИЙ МУНИЦИПАЛЬНЫЙ ОКРУГ КАЛИНИНГРАДСКОЙ ОБЛАСТИ""";03353000043;100000.0;22.09.2026;22.09.2026;29.09.2026;/epz/order/notice/zk20/view/common-info.html?regNumber=0335300004326000067
0869200000226007716;44-ФЗ;Электронный аукцион;Подача заявок;на поставку лекарственного препарата для медицинского применения – АБИРАТЕРОН для обеспечения лекарственными препаратами больных с онкологическими заболеваниями для оказания медицинской помощи в соответствии с клиническими рекомендациями (протоколами лечения) в амбулаторных условиях бесплатно по рецептам врачей;"ГОСУДАРСТВЕННОЕ КАЗЕННОЕ УЧРЕЖДЕНИЕ ""ЦЕНТР ОРГАНИЗАЦИИ ЗАКУПОК ЧЕЛЯБИНСКОЙ ОБЛАСТИ""";08692000002;8082720.0;22.09.2026;22.09.2026;30.09.2026;/epz/order/notice/ea20/view/common-info.html?regNumber=0869200000226007716
0853500000326006224;44-ФЗ;Электронный аукцион;Определение поставщика завершено;на поставку лекарственного препарата для медицинского применения КОМПЛЕКС ПЕПТИДОВ ИЗ ГОЛОВНОГО МОЗГА СВИНЬИ;"ГОСУДАРСТВЕННОЕ КАЗЕННОЕ УЧРЕЖДЕНИЕ ОРЕНБУРГСКОЙ ОБЛАСТИ ""ЦЕНТР ОРГАНИЗАЦИИ ЗАКУПОК""";08535000003;1143135.0;14.09.2026;22.09.2026;22.09.2026;/epz/order/notice/ea20/view/common-info.html?regNumber=0853500000326006224
0346500001026000011;44-ФЗ;Электронный аукцион;Подача заявок;Поставка бумаги для офисной техники;"ОБЛАСТНОЕ БЮДЖЕТНОЕ УЧРЕЖДЕНИЯ ""УПРАВЛЕНИЕ ГРАДОСТРОИТЕЛЬСТВА ЛИПЕЦКОЙ ОБЛАСТИ""";03465000010;84000.0;22.09.2026;22.09.2026;30.09.2026;/epz/order/notice/ea20/view/common-info.html?regNumber=0346500001026000011
0104300005126000028;44-ФЗ;Электронный аукцион;Определение поставщика завершено;Выполнение работ по изготовлению комплектов штор по индивидуальному заказу для отдела Загс администрации Терского района КБР;"МУНИЦИПАЛЬНОЕ УЧРЕЖДЕНИЕ ""МЕСТНАЯ АДМИНИСТРАЦИЯ ТЕРСКОГО МУНИЦИПАЛЬНОГО РАЙОНА КБР""";01043000051;595666.67;10.09.2026;22.09.2026;21.09.2026;/epz/order/notice/ea20/view/common-info.html?regNumber=0104300005126000028
0119200000126015714;44-ФЗ;Запрос котировок в электронной форме;Подача заявок;ЗК-№-15562/26 «Запрос котировок в электронной форме на право заключения контракта на поставку медицинских изделий для эндоскопического отделения»;АГЕНТСТВО ГОСУДАРСТВЕННОГО ЗАКАЗА КРАСНОЯРСКОГО КРАЯ;01192000001;1486266.95;17.09.2026;22.09.2026;25.09.2026;/epz/order/notice/zk20/view/common-info.html?regNumber=0119200000126015714
0356500002326000309;44-ФЗ;Электронный аукцион;Подача заявок;Приобретение набора первой медицинской помощи, не содержащего лекарственные средства, многоразового использования (шины для транспортной иммобилизации (разной конструкции)) в целях исполнения решений судов, вступивших в законную силу (Решение Кунгурского городского суда от 23.11.2023 г. дело № 2-3208/2023, Решение Кунгурского городского суда от 06.06.2024 г. дело № 2-1467/2024);"ГОСУДАРСТВЕННОЕ БЮДЖЕТНОЕ УЧРЕЖДЕНИЕ ЗДРАВООХРАНЕНИЯ ПЕРМСКОГО КРАЯ ""КУНГУРСКАЯ БОЛЬНИЦА""";03565000023;125400.0;22.09.2026;22.09.2026;30.09.2026;/epz/order/notice/ea20/view/common-info.html?regNumber=0356500002326000309
0879500000126000046;44-ФЗ;Электронный аукцион;Определение поставщика завершено;продукты питания (хлеб) на 2027 г.;"РЕСПУБЛИКАНСКОЕ ГОСУДАРСТВЕННОЕ БЮДЖЕТНОЕ ЛЕЧЕБНО-ПРОФИЛАКТИЧЕСКОЕ УЧРЕЖДЕНИЕ ""РЕСПУБЛИКАНСКАЯ ПСИХИАТРИЧЕСКАЯ БОЛЬНИЦА""";08795000001;1197600.0;11.09.2026;22.09.2026;21.09.2026;/epz/order/notice/ea20/view/common-info.html?regNumber=0879500000126000046
0845100000126000005;44-ФЗ;Электронный аукцион;Подача заявок;Поставка осветительного оборудования и санитарно-технических товаров;"ФЕДЕРАЛЬНОЕ КАЗЕННОЕ УЧРЕЖДЕНИЕ ""КОЛОНИЯ-ПОСЕЛЕНИЕ № 8 ГЛАВНОГО УПРАВЛЕНИЯ ФЕДЕРАЛЬНОЙ СЛУЖБЫ ИСПОЛНЕНИЯ НАКАЗАНИЙ ПО Г. САНКТ-ПЕТЕРБУРГУ И ЛЕНИНГРАДСКОЙ ОБЛАСТИ""";08451000001;1999881.55;22.09.2026;22.09.2026;30.09.2026;/epz/order/notice/ea20/view/common-info.html?regNumber=0845100000126000005
0335200005126000016;44-ФЗ;Закупка, осуществляемая в соответствии с частью 12 статьи 93 Закона № 44-ФЗ;Определение поставщика завершено;;"ГОСУДАРСТВЕННОЕ БЮДЖЕТНОЕ УЧРЕЖДЕНИЕ КАЛИНИНГРАДСКОЙ ОБЛАСТИ ПРОФЕССИОНАЛЬНАЯ ОБРАЗОВАТЕЛЬНАЯ ОРГАНИЗАЦИЯ ""ТЕХНОЛОГИЧЕСКИЙ КОЛЛЕДЖ""";03352000051;4974000.0;22.09.2026;22.09.2026;;/epz/order/notice/ezt20/view/common-info.html?regNumber=0335200005126000016
0372100005526000037;44-ФЗ;Закупка, осуществляемая в соответствии с частью 12 статьи 93 Закона № 44-ФЗ;Работа комиссии;;"ФЕДЕРАЛЬНОЕ ГОСУДАРСТВЕННОЕ БЮДЖЕТНОЕ УЧРЕЖДЕНИЕ ""МЕЖВУЗОВСКИЙ СТУДЕНЧЕСКИЙ ГОРОДОК В САНКТ-ПЕТЕРБУРГЕ""";03721000055;246846.67;22.09.2026;22.09.2026;;/epz/order/notice/ezt20/view/common-info.html?regNumber=0372100005526000037
0318300174026000143;44-ФЗ;Закупка, осуществляемая в соответствии с частью 12 статьи 93 Закона № 44-ФЗ;Работа комиссии;;"ГОСУДАРСТВЕННОЕ БЮДЖЕТНОЕ УЧРЕЖДЕНИЕ ЗДРАВООХРАНЕНИЯ ""ГОРОДСКАЯ ПОЛИКЛИНИКА № 27 ГОРОДА КРАСНОДАРА"" МИНИСТЕРСТВА ЗДРАВООХРАНЕНИЯ КРАСНОДАРСКОГО КРАЯ";03183001740;72500.0;22.09.2026;22.09.2026;;/epz/order/notice/ezt20/view/common-info.html?regNumber=0318300174026000143
0372200100626000032;44-ФЗ;Электронный аукцион;Подача заявок;Поставка облучателей ультрафиолетовых бактерицидных для пищеблока для ГБОУ Гимназия № 295 Фрунзенского района Санкт-Петербурга в 2026 году;ГОСУДАРСТВЕННОЕ БЮДЖЕТНОЕ ОБЩЕОБРАЗОВАТЕЛЬНОЕ УЧРЕЖДЕНИЕ ГИМНАЗИЯ №295 ФРУНЗЕНСКОГО РАЙОНА САНКТ-ПЕТЕРБУРГА;03722001006;36708.76;22.09.2026;22.09.2026;01.10.2026;/epz/order/notice/ea20/view/common-info.html?regNumber=0372200100626000032
0860200000826007594;44-ФЗ;Электронный аукцион;Определение поставщика завершено;Поставка лекарственного препарата ДЕНОСУМАБ с целью обеспечения льготных категорий граждан;"ГОСУДАРСТВЕННОЕ КАЗЕННОЕ УЧРЕЖДЕНИЕ САРАТОВСКОЙ ОБЛАСТИ ""ГОСУДАРСТВЕННОЕ АГЕНТСТВО ПО ЦЕНТРАЛИЗАЦИИ ЗАКУПОК""";08602000008;127103.7;09.09.2026;22.09.2026;18.09.2026;/epz/order/notice/ea20/view/common-info.html?regNumber=0860200000826007594
0335200001026000406;44-ФЗ;Электронный аукцион;Определение поставщика завершено;поставка изделий медицинского назначения (линия удлинительная инфузионная);"ГОСУДАРСТВЕННОЕ БЮДЖЕТНОЕ УЧРЕЖДЕНИЕ ЗДРАВООХРАНЕНИЯ ""ОБЛАСТНАЯ КЛИНИЧЕСКАЯ БОЛЬНИЦА КАЛИНИНГРАДСКОЙ ОБЛАСТИ""";03352000010;309000.0;10.09.2026;22.09.2026;18.09.2026;/epz/order/notice/ea20/view/common-info.html?regNumber=0335200001026000406
0348200053526000301;44-ФЗ;Электронный аукцион;Подача заявок;Оказание услуг по обеспечению проведения лабораторных исследований для нужд ГБУЗ МО «МОКПТД» в 2026 году;"ГОСУДАРСТВЕННОЕ БЮДЖЕТНОЕ УЧРЕЖДЕНИЕ ЗДРАВООХРАНЕНИЯ МОСКОВСКОЙ ОБЛАСТИ ""МОСКОВСКИЙ ОБЛАСТНОЙ КЛИНИЧЕСКИЙ ПРОТИВОТУБЕРКУЛЕЗНЫЙ ДИСПАНСЕР""";03482000535;200000.0;22.09.2026;22.09.2026;30.09.2026;/epz/order/notice/ea20/view/common-info.html?regNumber=0348200053526000301
0860200000826007596;44-ФЗ;Электронный аукцион;Определение поставщика завершено;Поставка лекарственного препарата АЛИРОКУМАБ с целью обеспечения льготных категорий граждан;"ГОСУДАРСТВЕННОЕ КАЗЕННОЕ УЧРЕЖДЕНИЕ САРАТОВСКОЙ ОБЛАСТИ ""ГОСУДАРСТВЕННОЕ АГЕНТСТВО ПО ЦЕНТРАЛИЗАЦИИ ЗАКУПОК""";08602000008;289236.24;09.09.2026;22.09.2026;18.09.2026;/epz/order/notice/ea20/view/common-info.html?regNumber=0860200000826007596
0174500001126005684;44-ФЗ;Электронный аукцион;Подача заявок;Выполнение работ по устройству тротуаров на участках автомобильных дорог общего пользования межмуниципального значения 67 Н-566 ул. Инженерная (от дома №2 до ул. Челюскинцев) и 67 Н-549 ул. Челюскинцев (от ул. Инженерная до дома № 16 по ул.Чернышевского) (в рамках мероприятий по созданию безопасных условий для пешеходов);ДЕПАРТАМЕНТ АДМИНИСТРАТИВНО-ХОЗЯЙСТВЕННОГО ОБЕСПЕЧЕНИЯ ИСПОЛНИТЕЛЬНЫХ ОРГАНОВ ГОРОДА СЕВАСТОПОЛЯ;01745000011;10854718.65;22.09.2026;22.09.2026;01.10.2026;/epz/order/notice/ea20/view/common-info.html?regNumber=0174500001126005684
0860200000826007598;44-ФЗ;Электронный аукцион;Определение поставщика завершено;Поставка лекарственного препарата Дупилумаб с целью обеспечения льготных категорий граждан;"ГОСУДАРСТВЕННОЕ КАЗЕННОЕ УЧРЕЖДЕНИЕ САРАТОВСКОЙ ОБЛАСТИ ""ГОСУДАРСТВЕННОЕ АГЕНТСТВО ПО ЦЕНТРАЛИЗАЦИИ ЗАКУПОК""";08602000008;341680.8;09.09.2026;22.09.2026;18.09.2026;/epz/order/notice/ea20/view/common-info.html?regNumber=0860200000826007598
0318300498826000287;44-ФЗ;Закупка, осуществляемая в соответствии с частью 12 статьи 93 Закона № 44-ФЗ;Определение поставщика завершено;;"ГОСУДАРСТВЕННОЕ БЮДЖЕТНОЕ УЧРЕЖДЕНИЕ ЗДРАВООХРАНЕНИЯ ""РОДИЛЬНЫЙ ДОМ ГОРОДА КРАСНОДАРА"" МИНИСТЕРСТВА ЗДРАВООХРАНЕНИЯ КРАСНОДАРСКОГО КРАЯ";03183004988;69000.0;22.09.2026;22.09.2026;;/epz/order/notice/ezt20/view/common-info.html?regNumber=0318300498826000287
0372200100626000031;44-ФЗ;Электронный аукцион;Подача заявок;Поставка оборудования для пищеблока для ГБОУ ГИМНАЗИЯ №295 ФРУНЗЕНСКОГО РАЙОНА САНКТ-ПЕТЕРБУРГА в 2026 году;ГОСУДАРСТВЕННОЕ БЮДЖЕТНОЕ ОБЩЕОБРАЗОВАТЕЛЬНОЕ УЧРЕЖДЕНИЕ ГИМНАЗИЯ №295 ФРУНЗЕНСКОГО РАЙОНА САНКТ-ПЕТЕРБУРГА;03722001006;909702.81;22.09.2026;22.09.2026;01.10.2026;/epz/order/notice/ea20/view/common-info.html?regNumber=0372200100626000031
0860200000826007627;44-ФЗ;Электронный аукцион;Определение поставщика завершено;Поставка лекарственного препарата Периндоприл с целью обеспечения льготных категорий граждан;"ГОСУДАРСТВЕННОЕ КАЗЕННОЕ УЧРЕЖДЕНИЕ САРАТОВСКОЙ ОБЛАСТИ ""ГОСУДАРСТВЕННОЕ АГЕНТСТВО ПО ЦЕНТРАЛИЗАЦИИ ЗАКУПОК""";08602000008;233892.0;10.09.2026;22.09.2026;18.09.2026;/epz/order/notice/ea20/view/common-info.html?regNumber=0860200000826007627
